Date,CM Code,CM Name,CP Code,TM Code,TM Name,End Client,Allocation at BOD,Allocations during the Day,Deallocation during the Day,Allocation at EOD,OWN Collateral at BOD,OWN Collateral added during Day,OWN Collateral reduced during Day,OWN Collateral at EOD,OWN Others Collateral at BOD,OWN Others Collateral added during Day,OWN Others Collateral reduced during Day,OWN Others Collateral at EOD,Total Collateral at EOD,Eligible Collateral at EOD,Margin Utilisation
04-08-2022 12.00.00 AM,8200,SMC,,10515,SMC,CMMK           ,0,0,0,0,0,0,0,0,0,0,0,0,0,0,124542.39
04-08-2022 12.00.00 AM,8200,SMC,,10515,SMC,CAD3813        ,0,0,0,0,0,0,0,0,0,0,0,0,0,0,477712.75
04-08-2022 12.00.00 AM,8200,SMC,,10515,SMC,CAD4229        ,0,0,0,0,0,0,0,0,0,0,0,0,0,0,583722
04-08-2022 12.00.00 AM,8200,SMC,,10515,SMC,CAD2984        ,0,0,0,0,0,0,0,0,0,0,0,0,0,0,65479.13
04-08-2022 12.00.00 AM,8200,SMC,,10515,SMC,CIZ0054        ,0,0,0,0,0,0,0,0,0,0,0,0,0,0,19664.59
04-08-2022 12.00.00 AM,8200,SMC,,10515,SMC,CEC0004        ,0,0,0,0,0,0,0,0,0,0,0,0,0,0,47705.20
04-08-2022 12.00.00 AM,8200,SMC,,10515,SMC,CAD3116        ,0,0,0,0,0,0,0,0,0,0,0,0,0,0,841404.07
04-08-2022 12.00.00 AM,8200,SMC,,10515,SMC,CAD4449        ,0,0,0,0,0,0,0,0,0,0,0,0,0,0,1469765.63
04-08-2022 12.00.00 AM,8200,SMC,,10515,SMC,CAD2595        ,0,0,0,0,0,0,0,0,0,0,0,0,0,0,1017970
04-08-2022 12.00.00 AM,8200,SMC,,10515,SMC,CAD2645        ,0,0,0,0,0,0,0,0,0,0,0,0,0,0,47705.20
04-08-2022 12.00.00 AM,8200,SMC,,10515,SMC,CJT0040        ,0,0,0,0,0,0,0,0,0,0,0,0,0,0,13109.73
04-08-2022 12.00.00 AM,8200,SMC,,10515,SMC,CAD3995        ,0,0,0,0,0,0,0,0,0,0,0,0,0,0,163732.56
04-08-2022 12.00.00 AM,8200,SMC,,10515,SMC,CAD3997        ,0,0,0,0,0,0,0,0,0,0,0,0,0,0,10858.11
04-08-2022 12.00.00 AM,8200,SMC,,10515,SMC,CAD3998        ,0,0,0,0,0,0,0,0,0,0,0,0,0,0,10858.11
04-08-2022 12.00.00 AM,8200,SMC,,10515,SMC,CAD3464        ,0,0,0,0,0,0,0,0,0,0,0,0,0,0,1893.63
04-08-2022 12.00.00 AM,8200,SMC,,10515,SMC,CAD1325        ,0,0,0,0,0,0,0,0,0,0,0,0,0,0,128149.96
04-08-2022 12.00.00 AM,8200,SMC,,10515,SMC,CAD2094        ,0,0,0,0,0,0,0,0,0,0,0,0,0,0,39329.18
04-08-2022 12.00.00 AM,8200,SMC,,10515,SMC,CAD4117        ,0,0,0,0,0,0,0,0,0,0,0,0,0,0,4639800.04
04-08-2022 12.00.00 AM,8200,SMC,,10515,SMC,CAD4135        ,0,0,0,0,0,0,0,0,0,0,0,0,0,0,6554.86
04-08-2022 12.00.00 AM,8200,SMC,,10515,SMC,CEI0079        ,0,0,0,0,0,0,0,0,0,0,0,0,0,0,54725.95
04-08-2022 12.00.00 AM,8200,SMC,,10515,SMC,CDB0445        ,0,0,0,0,0,0,0,0,0,0,0,0,0,0,226886.25
04-08-2022 12.00.00 AM,8200,SMC,,10515,SMC,CEA0074        ,0,0,0,0,0,0,0,0,0,0,0,0,0,0,20033.40
04-08-2022 12.00.00 AM,8200,SMC,,10515,SMC,CAD4155        ,0,0,0,0,0,0,0,0,0,0,0,0,0,0,140519.71
04-08-2022 12.00.00 AM,8200,SMC,,10515,SMC,CAD3754        ,0,0,0,0,0,0,0,0,0,0,0,0,0,0,4560.66
04-08-2022 12.00.00 AM,8200,SMC,,10515,SMC,CAD3841        ,0,0,0,0,0,0,0,0,0,0,0,0,0,0,194574
04-08-2022 12.00.00 AM,8200,SMC,,10515,SMC,CAD3881        ,0,0,0,0,0,0,0,0,0,0,0,0,0,0,32739.56
04-08-2022 12.00.00 AM,8200,SMC,,10515,SMC,CAD3883        ,0,0,0,0,0,0,0,0,0,0,0,0,0,0,13109.73
04-08-2022 12.00.00 AM,8200,SMC,,10515,SMC,DDV0195        ,0,0,0,0,0,0,0,0,0,0,0,0,0,0,20033.40
04-08-2022 12.00.00 AM,8200,SMC,,10515,SMC,CPZ0036        ,0,0,0,0,0,0,0,0,0,0,0,0,0,0,39329.18
04-08-2022 12.00.00 AM,8200,SMC,,10515,SMC,CLI0025        ,0,0,0,0,0,0,0,0,0,0,0,0,0,0,56990.57
04-08-2022 12.00.00 AM,8200,SMC,,10515,SMC,CRJ0397        ,0,0,0,0,0,0,0,0,0,0,0,0,0,0,116783.45
04-08-2022 12.00.00 AM,8200,SMC,,10515,SMC,DDV0282        ,0,0,0,0,0,0,0,0,0,0,0,0,0,0,6677.80
04-08-2022 12.00.00 AM,8200,SMC,,10515,SMC,DDV0374        ,0,0,0,0,0,0,0,0,0,0,0,0,0,0,6554.86
04-08-2022 12.00.00 AM,8200,SMC,,10515,SMC,CRY0189        ,0,0,0,0,0,0,0,0,0,0,0,0,0,0,6554.86
04-08-2022 12.00.00 AM,8200,SMC,,10515,SMC,CRY0214        ,0,0,0,0,0,0,0,0,0,0,0,0,0,0,510671.88
04-08-2022 12.00.00 AM,8200,SMC,,10515,SMC,CRY0230        ,0,0,0,0,0,0,0,0,0,0,0,0,0,0,98322.94
04-08-2022 12.00.00 AM,8200,SMC,,10515,SMC,CRY0234        ,0,0,0,0,0,0,0,0,0,0,0,0,0,0,19664.59
04-08-2022 12.00.00 AM,8200,SMC,,10515,SMC,CNJ0007        ,0,0,0,0,0,0,0,0,0,0,0,0,0,0,91768.08
04-08-2022 12.00.00 AM,8200,SMC,,10515,SMC,CRY0257        ,0,0,0,0,0,0,0,0,0,0,0,0,0,0,65479.13
04-08-2022 12.00.00 AM,8200,SMC,,10515,SMC,CRY0267        ,0,0,0,0,0,0,0,0,0,0,0,0,0,0,19664.59
04-08-2022 12.00.00 AM,8200,SMC,,10515,SMC,CRY0272        ,0,0,0,0,0,0,0,0,0,0,0,0,0,0,39329.18
04-08-2022 12.00.00 AM,8200,SMC,,10515,SMC,CRY0274        ,0,0,0,0,0,0,0,0,0,0,0,0,0,0,6554.86
04-08-2022 12.00.00 AM,8200,SMC,,10515,SMC,CRY0276        ,0,0,0,0,0,0,0,0,0,0,0,0,0,0,19664.59
04-08-2022 12.00.00 AM,8200,SMC,,10515,SMC,CRY0286        ,0,0,0,0,0,0,0,0,0,0,0,0,0,0,6554.86
04-08-2022 12.00.00 AM,8200,SMC,,10515,SMC,CTT0026        ,0,0,0,0,0,0,0,0,0,0,0,0,0,0,32739.56
04-08-2022 12.00.00 AM,8200,SMC,,10515,SMC,CKT0083        ,0,0,0,0,0,0,0,0,0,0,0,0,0,0,143115.60
04-08-2022 12.00.00 AM,8200,SMC,,10515,SMC,CKT0093        ,0,0,0,0,0,0,0,0,0,0,0,0,0,0,241897.72
04-08-2022 12.00.00 AM,8200,SMC,,10515,SMC,CRY0299        ,0,0,0,0,0,0,0,0,0,0,0,0,0,0,13109.73
04-08-2022 12.00.00 AM,8200,SMC,,10515,SMC,CRY0303        ,0,0,0,0,0,0,0,0,0,0,0,0,0,0,32774.31
04-08-2022 12.00.00 AM,8200,SMC,,10515,SMC,CRY0304        ,0,0,0,0,0,0,0,0,0,0,0,0,0,0,6554.86
04-08-2022 12.00.00 AM,8200,SMC,,10515,SMC,CVA1085        ,0,0,0,0,0,0,0,0,0,0,0,0,0,0,32774.31
04-08-2022 12.00.00 AM,8200,SMC,,10515,SMC,CRY0306        ,0,0,0,0,0,0,0,0,0,0,0,0,0,0,26219.45
04-08-2022 12.00.00 AM,8200,SMC,,10515,SMC,CRY0317        ,0,0,0,0,0,0,0,0,0,0,0,0,0,0,6554.86
04-08-2022 12.00.00 AM,8200,SMC,,10515,SMC,CRY0319        ,0,0,0,0,0,0,0,0,0,0,0,0,0,0,6554.86
04-08-2022 12.00.00 AM,8200,SMC,,10515,SMC,CAD2548        ,0,0,0,0,0,0,0,0,0,0,0,0,0,0,6554.86
04-08-2022 12.00.00 AM,8200,SMC,,10515,SMC,CAD2561        ,0,0,0,0,0,0,0,0,0,0,0,0,0,0,1433138.25
04-08-2022 12.00.00 AM,8200,SMC,,10515,SMC,DDV0020        ,0,0,0,0,0,0,0,0,0,0,0,0,0,0,45884.04
04-08-2022 12.00.00 AM,8200,SMC,,10515,SMC,DQY0160        ,0,0,0,0,0,0,0,0,0,0,0,0,0,0,131097.25
04-08-2022 12.00.00 AM,8200,SMC,,10515,SMC,CVQ0081        ,0,0,0,0,0,0,0,0,0,0,0,0,0,0,32739.56
04-08-2022 12.00.00 AM,8200,SMC,,10515,SMC,EAC0002        ,0,0,0,0,0,0,0,0,0,0,0,0,0,0,33902.42
04-08-2022 12.00.00 AM,8200,SMC,,10515,SMC,DNE0002        ,0,0,0,0,0,0,0,0,0,0,0,0,0,0,194574
04-08-2022 12.00.00 AM,8200,SMC,,10515,SMC,DKX0034        ,0,0,0,0,0,0,0,0,0,0,0,0,0,0,629784.69
04-08-2022 12.00.00 AM,8200,SMC,,10515,SMC,EIZ0003        ,0,0,0,0,0,0,0,0,0,0,0,0,0,0,170971.62
04-08-2022 12.00.00 AM,8200,SMC,,10515,SMC,EIZ0004        ,0,0,0,0,0,0,0,0,0,0,0,0,0,0,1107851.43
04-08-2022 12.00.00 AM,8200,SMC,,10515,SMC,EIZ0006        ,0,0,0,0,0,0,0,0,0,0,0,0,0,0,340270.75
04-08-2022 12.00.00 AM,8200,SMC,,10515,SMC,EIZ0007        ,0,0,0,0,0,0,0,0,0,0,0,0,0,0,87715.69
04-08-2022 12.00.00 AM,8200,SMC,,10515,SMC,EIZ0012        ,0,0,0,0,0,0,0,0,0,0,0,0,0,0,6554.86
04-08-2022 12.00.00 AM,8200,SMC,,10515,SMC,EAC0009        ,0,0,0,0,0,0,0,0,0,0,0,0,0,0,6554.86
04-08-2022 12.00.00 AM,8200,SMC,,10515,SMC,CXU0018        ,0,0,0,0,0,0,0,0,0,0,0,0,0,0,45884.04
04-08-2022 12.00.00 AM,8200,SMC,,10515,SMC,DKX0095        ,0,0,0,0,0,0,0,0,0,0,0,0,0,0,123299.73
04-08-2022 12.00.00 AM,8200,SMC,,10515,SMC,DJO1936        ,0,0,0,0,0,0,0,0,0,0,0,0,0,0,130958.25
04-08-2022 12.00.00 AM,8200,SMC,,10515,SMC,EMX0031        ,0,0,0,0,0,0,0,0,0,0,0,0,0,0,141909.30
04-08-2022 12.00.00 AM,8200,SMC,,10515,SMC,EMX0040        ,0,0,0,0,0,0,0,0,0,0,0,0,0,0,32739.56
04-08-2022 12.00.00 AM,8200,SMC,,10515,SMC,EIZ0014        ,0,0,0,0,0,0,0,0,0,0,0,0,0,0,162394.15
04-08-2022 12.00.00 AM,8200,SMC,,10515,SMC,EIZ0015        ,0,0,0,0,0,0,0,0,0,0,0,0,0,0,66778
04-08-2022 12.00.00 AM,8200,SMC,,10515,SMC,EJD0002        ,0,0,0,0,0,0,0,0,0,0,0,0,0,0,6554.86
04-08-2022 12.00.00 AM,8200,SMC,,10515,SMC,ENB0002        ,0,0,0,0,0,0,0,0,0,0,0,0,0,0,13109.73
04-08-2022 12.00.00 AM,8200,SMC,,10515,SMC,EJH0003        ,0,0,0,0,0,0,0,0,0,0,0,0,0,0,6554.86
04-08-2022 12.00.00 AM,8200,SMC,,10515,SMC,EJH0057        ,0,0,0,0,0,0,0,0,0,0,0,0,0,0,6554.86
04-08-2022 12.00.00 AM,8200,SMC,,10515,SMC,11155          ,0,0,0,0,0,0,0,0,0,0,0,0,0,0,6554.86
04-08-2022 12.00.00 AM,8200,SMC,,10515,SMC,ECY0032        ,0,0,0,0,0,0,0,0,0,0,0,0,0,0,147562.50
04-08-2022 12.00.00 AM,8200,SMC,,10515,SMC,56295          ,0,0,0,0,0,0,0,0,0,0,0,0,0,0,4889562.54
04-08-2022 12.00.00 AM,8200,SMC,,10515,SMC,40965          ,0,0,0,0,0,0,0,0,0,0,0,0,0,0,3917631.63
04-08-2022 12.00.00 AM,8200,SMC,,10515,SMC,CRY0001        ,0,0,0,0,0,0,0,0,0,0,0,0,0,0,26219.45
04-08-2022 12.00.00 AM,8200,SMC,,10515,SMC,ECY0044        ,0,0,0,0,0,0,0,0,0,0,0,0,0,0,147562.50
04-08-2022 12.00.00 AM,8200,SMC,,10515,SMC,DYJ0007        ,0,0,0,0,0,0,0,0,0,0,0,0,0,0,10858.11
04-08-2022 12.00.00 AM,8200,SMC,,10515,SMC,CRY0055        ,0,0,0,0,0,0,0,0,0,0,0,0,0,0,19664.59
04-08-2022 12.00.00 AM,8200,SMC,,10515,SMC,29830          ,0,0,0,0,0,0,0,0,0,0,0,0,0,0,2639194.65
04-08-2022 12.00.00 AM,8200,SMC,,10515,SMC,CPP0108        ,0,0,0,0,0,0,0,0,0,0,0,0,0,0,13109.73
04-08-2022 12.00.00 AM,8200,SMC,,10515,SMC,EMR0639        ,0,0,0,0,0,0,0,0,0,0,0,0,0,0,32774.31
04-08-2022 12.00.00 AM,8200,SMC,,10515,SMC,DVD0036        ,0,0,0,0,0,0,0,0,0,0,0,0,0,0,4446154.07
04-08-2022 12.00.00 AM,8200,SMC,,10515,SMC,EGA0691        ,0,0,0,0,0,0,0,0,0,0,0,0,0,0,1246623.75
04-08-2022 12.00.00 AM,8200,SMC,,10515,SMC,DVD0064        ,0,0,0,0,0,0,0,0,0,0,0,0,0,0,592115.62
04-08-2022 12.00.00 AM,8200,SMC,,10515,SMC,DZP0007        ,0,0,0,0,0,0,0,0,0,0,0,0,0,0,778296
04-08-2022 12.00.00 AM,8200,SMC,,10515,SMC,DZP0008        ,0,0,0,0,0,0,0,0,0,0,0,0,0,0,194574
04-08-2022 12.00.00 AM,8200,SMC,,10515,SMC,DZP0012        ,0,0,0,0,0,0,0,0,0,0,0,0,0,0,198408.75
04-08-2022 12.00.00 AM,8200,SMC,,10515,SMC,DJO1126        ,0,0,0,0,0,0,0,0,0,0,0,0,0,0,255335.94
04-08-2022 12.00.00 AM,8200,SMC,,10515,SMC,ELB0002        ,0,0,0,0,0,0,0,0,0,0,0,0,0,0,6554.86
04-08-2022 12.00.00 AM,8200,SMC,,10515,SMC,DZP0016        ,0,0,0,0,0,0,0,0,0,0,0,0,0,0,66088.94
04-08-2022 12.00.00 AM,8200,SMC,,10515,SMC,DZP0027        ,0,0,0,0,0,0,0,0,0,0,0,0,0,0,32739.56
04-08-2022 12.00.00 AM,8200,SMC,,10515,SMC,DMS0001        ,0,0,0,0,0,0,0,0,0,0,0,0,0,0,152597.30
04-08-2022 12.00.00 AM,8200,SMC,,10515,SMC,DJO1741        ,0,0,0,0,0,0,0,0,0,0,0,0,0,0,97984.38
04-08-2022 12.00.00 AM,8200,SMC,,10515,SMC,DQY0089        ,0,0,0,0,0,0,0,0,0,0,0,0,0,0,226886.25
04-08-2022 12.00.00 AM,8200,SMC,,10515,SMC,DJO0557        ,0,0,0,0,0,0,0,0,0,0,0,0,0,0,294656.06
04-08-2022 12.00.00 AM,8200,SMC,,10515,SMC,DJO1805        ,0,0,0,0,0,0,0,0,0,0,0,0,0,0,47705.20
04-08-2022 12.00.00 AM,8200,SMC,,10515,SMC,DZY0002        ,0,0,0,0,0,0,0,0,0,0,0,0,0,0,39329.18
04-08-2022 12.00.00 AM,8200,SMC,,10515,SMC,EJX0034        ,0,0,0,0,0,0,0,0,0,0,0,0,0,0,132177.88
04-08-2022 12.00.00 AM,8200,SMC,,10515,SMC,ERR0097        ,0,0,0,0,0,0,0,0,0,0,0,0,0,0,1893.63
04-08-2022 12.00.00 AM,8200,SMC,,10515,SMC,ENL5613        ,0,0,0,0,0,0,0,0,0,0,0,0,0,0,60100.20
04-08-2022 12.00.00 AM,8200,SMC,,10515,SMC,DWJ0003        ,0,0,0,0,0,0,0,0,0,0,0,0,0,0,98023.75
04-08-2022 12.00.00 AM,8200,SMC,,10515,SMC,FCF0425        ,0,0,0,0,0,0,0,0,0,0,0,0,0,0,6677.80
04-08-2022 12.00.00 AM,8200,SMC,,10515,SMC,ESC0024        ,0,0,0,0,0,0,0,0,0,0,0,0,0,0,13109.73
04-08-2022 12.00.00 AM,8200,SMC,,10515,SMC,ESC0042        ,0,0,0,0,0,0,0,0,0,0,0,0,0,0,196437.38
04-08-2022 12.00.00 AM,8200,SMC,,10515,SMC,ESC0045        ,0,0,0,0,0,0,0,0,0,0,0,0,0,0,680658.75
04-08-2022 12.00.00 AM,8200,SMC,,10515,SMC,ESC0078        ,0,0,0,0,0,0,0,0,0,0,0,0,0,0,196437.38
04-08-2022 12.00.00 AM,8200,SMC,,10515,SMC,EJK0002        ,0,0,0,0,0,0,0,0,0,0,0,0,0,0,130958.25
04-08-2022 12.00.00 AM,8200,SMC,,10515,SMC,ESC0104        ,0,0,0,0,0,0,0,0,0,0,0,0,0,0,196437.38
04-08-2022 12.00.00 AM,8200,SMC,,10515,SMC,EJK0012        ,0,0,0,0,0,0,0,0,0,0,0,0,0,0,130958.25
04-08-2022 12.00.00 AM,8200,SMC,,10515,SMC,EMR0029        ,0,0,0,0,0,0,0,0,0,0,0,0,0,0,98322.94
04-08-2022 12.00.00 AM,8200,SMC,,10515,SMC,ESC0142        ,0,0,0,0,0,0,0,0,0,0,0,0,0,0,196437.38
04-08-2022 12.00.00 AM,8200,SMC,,10515,SMC,ESC0163        ,0,0,0,0,0,0,0,0,0,0,0,0,0,0,196437.38
04-08-2022 12.00.00 AM,8200,SMC,,10515,SMC,DUD0011        ,0,0,0,0,0,0,0,0,0,0,0,0,0,0,13109.73
04-08-2022 12.00.00 AM,8200,SMC,,10515,SMC,DUG0002        ,0,0,0,0,0,0,0,0,0,0,0,0,0,0,32739.56
04-08-2022 12.00.00 AM,8200,SMC,,10515,SMC,DWP0006        ,0,0,0,0,0,0,0,0,0,0,0,0,0,0,32739.56
04-08-2022 12.00.00 AM,8200,SMC,,10515,SMC,EWA0449        ,0,0,0,0,0,0,0,0,0,0,0,0,0,0,13109.73
04-08-2022 12.00.00 AM,8200,SMC,,10515,SMC,EHI0007        ,0,0,0,0,0,0,0,0,0,0,0,0,0,0,4560.66
04-08-2022 12.00.00 AM,8200,SMC,,10515,SMC,ENL0435        ,0,0,0,0,0,0,0,0,0,0,0,0,0,0,32739.56
04-08-2022 12.00.00 AM,8200,SMC,,10515,SMC,ERR0019        ,0,0,0,0,0,0,0,0,0,0,0,0,0,0,147562.50
04-08-2022 12.00.00 AM,8200,SMC,,10515,SMC,FOA4449        ,0,0,0,0,0,0,0,0,0,0,0,0,0,0,2880405
04-08-2022 12.00.00 AM,8200,SMC,,10515,SMC,FNP0002        ,0,0,0,0,0,0,0,0,0,0,0,0,0,0,32774.31
04-08-2022 12.00.00 AM,8200,SMC,,10515,SMC,EWA2753        ,0,0,0,0,0,0,0,0,0,0,0,0,0,0,598712.50
04-08-2022 12.00.00 AM,8200,SMC,,10515,SMC,FFM0102        ,0,0,0,0,0,0,0,0,0,0,0,0,0,0,95410.40
04-08-2022 12.00.00 AM,8200,SMC,,10515,SMC,FED0080        ,0,0,0,0,0,0,0,0,0,0,0,0,0,0,40066.80
04-08-2022 12.00.00 AM,8200,SMC,,10515,SMC,FED0083        ,0,0,0,0,0,0,0,0,0,0,0,0,0,0,52527.09
04-08-2022 12.00.00 AM,8200,SMC,,10515,SMC,FJE0019        ,0,0,0,0,0,0,0,0,0,0,0,0,0,0,6554.86
04-08-2022 12.00.00 AM,8200,SMC,,10515,SMC,FTU0009        ,0,0,0,0,0,0,0,0,0,0,0,0,0,0,6554.86
04-08-2022 12.00.00 AM,8200,SMC,,10515,SMC,FTY0031        ,0,0,0,0,0,0,0,0,0,0,0,0,0,0,453772.50
04-08-2022 12.00.00 AM,8200,SMC,,10515,SMC,ESC0165        ,0,0,0,0,0,0,0,0,0,0,0,0,0,0,196437.38
04-08-2022 12.00.00 AM,8200,SMC,,10515,SMC,ESC0166        ,0,0,0,0,0,0,0,0,0,0,0,0,0,0,196437.38
04-08-2022 12.00.00 AM,8200,SMC,,10515,SMC,ESC0187        ,0,0,0,0,0,0,0,0,0,0,0,0,0,0,196437.38
04-08-2022 12.00.00 AM,8200,SMC,,10515,SMC,ESC0194        ,0,0,0,0,0,0,0,0,0,0,0,0,0,0,196437.38
04-08-2022 12.00.00 AM,8200,SMC,,10515,SMC,EPV0007        ,0,0,0,0,0,0,0,0,0,0,0,0,0,0,6554.86
04-08-2022 12.00.00 AM,8200,SMC,,10515,SMC,EPV0014        ,0,0,0,0,0,0,0,0,0,0,0,0,0,0,13109.73
04-08-2022 12.00.00 AM,8200,SMC,,10515,SMC,EPV0017        ,0,0,0,0,0,0,0,0,0,0,0,0,0,0,6554.86
04-08-2022 12.00.00 AM,8200,SMC,,10515,SMC,FOA4244        ,0,0,0,0,0,0,0,0,0,0,0,0,0,0,95410.40
04-08-2022 12.00.00 AM,8200,SMC,,10515,SMC,EWA1238        ,0,0,0,0,0,0,0,0,0,0,0,0,0,0,6554.86
04-08-2022 12.00.00 AM,8200,SMC,,10515,SMC,FLI0464        ,0,0,0,0,0,0,0,0,0,0,0,0,0,0,398437.81
04-08-2022 12.00.00 AM,8200,SMC,,10515,SMC,GQA0099        ,0,0,0,0,0,0,0,0,0,0,0,0,0,0,194574
04-08-2022 12.00.00 AM,8200,SMC,,10515,SMC,GZZ0016        ,0,0,0,0,0,0,0,0,0,0,0,0,0,0,133556
04-08-2022 12.00.00 AM,8200,SMC,,10515,SMC,FQC0295        ,0,0,0,0,0,0,0,0,0,0,0,0,0,0,32739.56
04-08-2022 12.00.00 AM,8200,SMC,,10515,SMC,GGI0144        ,0,0,0,0,0,0,0,0,0,0,0,0,0,0,40066.80
04-08-2022 12.00.00 AM,8200,SMC,,10515,SMC,GBK0118        ,0,0,0,0,0,0,0,0,0,0,0,0,0,0,389148
04-08-2022 12.00.00 AM,8200,SMC,,10515,SMC,FNQ0038        ,0,0,0,0,0,0,0,0,0,0,0,0,0,0,32739.56
04-08-2022 12.00.00 AM,8200,SMC,,10515,SMC,FFM0821        ,0,0,0,0,0,0,0,0,0,0,0,0,0,0,190560
04-08-2022 12.00.00 AM,8200,SMC,,10515,SMC,FFM0822        ,0,0,0,0,0,0,0,0,0,0,0,0,0,0,190560
04-08-2022 12.00.00 AM,8200,SMC,,10515,SMC,FFM0851        ,0,0,0,0,0,0,0,0,0,0,0,0,0,0,903682.44
04-08-2022 12.00.00 AM,8200,SMC,,10515,SMC,FOA2824        ,0,0,0,0,0,0,0,0,0,0,0,0,0,0,33389
04-08-2022 12.00.00 AM,8200,SMC,,10515,SMC,FFM0918        ,0,0,0,0,0,0,0,0,0,0,0,0,0,0,6554.86
04-08-2022 12.00.00 AM,8200,SMC,,10515,SMC,GGQ0176        ,0,0,0,0,0,0,0,0,0,0,0,0,0,0,54260.06
04-08-2022 12.00.00 AM,8200,SMC,,10515,SMC,FFO1168        ,0,0,0,0,0,0,0,0,0,0,0,0,0,0,13109.73
04-08-2022 12.00.00 AM,8200,SMC,,10515,SMC,GSB0028        ,0,0,0,0,0,0,0,0,0,0,0,0,0,0,47705.20
04-08-2022 12.00.00 AM,8200,SMC,,10515,SMC,FNZ0015        ,0,0,0,0,0,0,0,0,0,0,0,0,0,0,47848.82
04-08-2022 12.00.00 AM,8200,SMC,,10515,SMC,FNZ0044        ,0,0,0,0,0,0,0,0,0,0,0,0,0,0,382358.20
04-08-2022 12.00.00 AM,8200,SMC,,10515,SMC,GNT0046        ,0,0,0,0,0,0,0,0,0,0,0,0,0,0,26711.20
04-08-2022 12.00.00 AM,8200,SMC,,10515,SMC,FUH0021        ,0,0,0,0,0,0,0,0,0,0,0,0,0,0,6554.86
04-08-2022 12.00.00 AM,8200,SMC,,10515,SMC,FTA0006        ,0,0,0,0,0,0,0,0,0,0,0,0,0,0,65479.13
04-08-2022 12.00.00 AM,8200,SMC,,10515,SMC,FOA2573        ,0,0,0,0,0,0,0,0,0,0,0,0,0,0,142088.28
04-08-2022 12.00.00 AM,8200,SMC,,10515,SMC,GZR0009        ,0,0,0,0,0,0,0,0,0,0,0,0,0,0,425555
04-08-2022 12.00.00 AM,8200,SMC,,10515,SMC,HNA0152        ,0,0,0,0,0,0,0,0,0,0,0,0,0,0,98218.69
04-08-2022 12.00.00 AM,8200,SMC,,10515,SMC,HAO0007        ,0,0,0,0,0,0,0,0,0,0,0,0,0,0,305057.81
04-08-2022 12.00.00 AM,8200,SMC,,10515,SMC,HNA0174        ,0,0,0,0,0,0,0,0,0,0,0,0,0,0,32739.56
04-08-2022 12.00.00 AM,8200,SMC,,10515,SMC,HPO0465        ,0,0,0,0,0,0,0,0,0,0,0,0,0,0,1552567.64
04-08-2022 12.00.00 AM,8200,SMC,,10515,SMC,HPO0617        ,0,0,0,0,0,0,0,0,0,0,0,0,0,0,9691134.17
04-08-2022 12.00.00 AM,8200,SMC,,10515,SMC,HPS1426        ,0,0,0,0,0,0,0,0,0,0,0,0,0,0,19040.91
04-08-2022 12.00.00 AM,8200,SMC,,10515,SMC,HPO0639        ,0,0,0,0,0,0,0,0,0,0,0,0,0,0,8561256
04-08-2022 12.00.00 AM,8200,SMC,,10515,SMC,GNT1982        ,0,0,0,0,0,0,0,0,0,0,0,0,0,0,2918610
04-08-2022 12.00.00 AM,8200,SMC,,10515,SMC,HPO2140        ,0,0,0,0,0,0,0,0,0,0,0,0,0,0,6131115.09
04-08-2022 12.00.00 AM,8200,SMC,,10515,SMC,GNB0082        ,0,0,0,0,0,0,0,0,0,0,0,0,0,0,15236.19
04-08-2022 12.00.00 AM,8200,SMC,,10515,SMC,GNB0092        ,0,0,0,0,0,0,0,0,0,0,0,0,0,0,13232.66
04-08-2022 12.00.00 AM,8200,SMC,,10515,SMC,GNB0093        ,0,0,0,0,0,0,0,0,0,0,0,0,0,0,95410.40
04-08-2022 12.00.00 AM,8200,SMC,,10515,SMC,HPS5492        ,0,0,0,0,0,0,0,0,0,0,0,0,0,0,78588.86
04-08-2022 12.00.00 AM,8200,SMC,,10515,SMC,GNB0189        ,0,0,0,0,0,0,0,0,0,0,0,0,0,0,66698.75
04-08-2022 12.00.00 AM,8200,SMC,,10515,SMC,GNB0204        ,0,0,0,0,0,0,0,0,0,0,0,0,0,0,13109.73
04-08-2022 12.00.00 AM,8200,SMC,,10515,SMC,HPS5537        ,0,0,0,0,0,0,0,0,0,0,0,0,0,0,52438.90
04-08-2022 12.00.00 AM,8200,SMC,,10515,SMC,HQA2114        ,0,0,0,0,0,0,0,0,0,0,0,0,0,0,13109.73
04-08-2022 12.00.00 AM,8200,SMC,,10515,SMC,GNB0266        ,0,0,0,0,0,0,0,0,0,0,0,0,0,0,130958.25
04-08-2022 12.00.00 AM,8200,SMC,,10515,SMC,GNB0272        ,0,0,0,0,0,0,0,0,0,0,0,0,0,0,6554.86
04-08-2022 12.00.00 AM,8200,SMC,,10515,SMC,GJE0069        ,0,0,0,0,0,0,0,0,0,0,0,0,0,0,6554.86
04-08-2022 12.00.00 AM,8200,SMC,,10515,SMC,HQA0846        ,0,0,0,0,0,0,0,0,0,0,0,0,0,0,67828.18
04-08-2022 12.00.00 AM,8200,SMC,,10515,SMC,GJE0084        ,0,0,0,0,0,0,0,0,0,0,0,0,0,0,31922.44
04-08-2022 12.00.00 AM,8200,SMC,,10515,SMC,HQA4775        ,0,0,0,0,0,0,0,0,0,0,0,0,0,0,13109.73
04-08-2022 12.00.00 AM,8200,SMC,,10515,SMC,HPS0646        ,0,0,0,0,0,0,0,0,0,0,0,0,0,0,32739.56
04-08-2022 12.00.00 AM,8200,SMC,,10515,SMC,HOA0004        ,0,0,0,0,0,0,0,0,0,0,0,0,0,0,250720.31
04-08-2022 12.00.00 AM,8200,SMC,,10515,SMC,HQA1638        ,0,0,0,0,0,0,0,0,0,0,0,0,0,0,226676.25
04-08-2022 12.00.00 AM,8200,SMC,,10515,SMC,HOA0099        ,0,0,0,0,0,0,0,0,0,0,0,0,0,0,196437.38
04-08-2022 12.00.00 AM,8200,SMC,,10515,SMC,HQA3672        ,0,0,0,0,0,0,0,0,0,0,0,0,0,0,32739.56
04-08-2022 12.00.00 AM,8200,SMC,,10515,SMC,HOA0106        ,0,0,0,0,0,0,0,0,0,0,0,0,0,0,724612.68
04-08-2022 12.00.00 AM,8200,SMC,,10515,SMC,HPS5304        ,0,0,0,0,0,0,0,0,0,0,0,0,0,0,91768.08
04-08-2022 12.00.00 AM,8200,SMC,,10515,SMC,HZM0173        ,0,0,0,0,0,0,0,0,0,0,0,0,0,0,137775.05
04-08-2022 12.00.00 AM,8200,SMC,,10515,SMC,HQA3163        ,0,0,0,0,0,0,0,0,0,0,0,0,0,0,13079.45
04-08-2022 12.00.00 AM,8200,SMC,,10515,SMC,HPS4730        ,0,0,0,0,0,0,0,0,0,0,0,0,0,0,52438.90
04-08-2022 12.00.00 AM,8200,SMC,,10515,SMC,HPO1532        ,0,0,0,0,0,0,0,0,0,0,0,0,0,0,668891.85
04-08-2022 12.00.00 AM,8200,SMC,,10515,SMC,HQA3282        ,0,0,0,0,0,0,0,0,0,0,0,0,0,0,6677.80
04-08-2022 12.00.00 AM,8200,SMC,,10515,SMC,HNT0061        ,0,0,0,0,0,0,0,0,0,0,0,0,0,0,105615.43
04-08-2022 12.00.00 AM,8200,SMC,,10515,SMC,HPO1564        ,0,0,0,0,0,0,0,0,0,0,0,0,0,0,5139310.13
04-08-2022 12.00.00 AM,8200,SMC,,10515,SMC,HPO1581        ,0,0,0,0,0,0,0,0,0,0,0,0,0,0,524757.20
04-08-2022 12.00.00 AM,8200,SMC,,10515,SMC,HPO2211        ,0,0,0,0,0,0,0,0,0,0,0,0,0,0,73824938.01
04-08-2022 12.00.00 AM,8200,SMC,,10515,SMC,HPO2245        ,0,0,0,0,0,0,0,0,0,0,0,0,0,0,135077.15
04-08-2022 12.00.00 AM,8200,SMC,,10515,SMC,HPO1662        ,0,0,0,0,0,0,0,0,0,0,0,0,0,0,32739.56
04-08-2022 12.00.00 AM,8200,SMC,,10515,SMC,HPS1686        ,0,0,0,0,0,0,0,0,0,0,0,0,0,0,147562.50
04-08-2022 12.00.00 AM,8200,SMC,,10515,SMC,HPS6311        ,0,0,0,0,0,0,0,0,0,0,0,0,0,0,47705.20
04-08-2022 12.00.00 AM,8200,SMC,,10515,SMC,HPO1715        ,0,0,0,0,0,0,0,0,0,0,0,0,0,0,194574
04-08-2022 12.00.00 AM,8200,SMC,,10515,SMC,HPS5073        ,0,0,0,0,0,0,0,0,0,0,0,0,0,0,899369.23
04-08-2022 12.00.00 AM,8200,SMC,,10515,SMC,HYE0098        ,0,0,0,0,0,0,0,0,0,0,0,0,0,0,255335.94
04-08-2022 12.00.00 AM,8200,SMC,,10515,SMC,IFM0051        ,0,0,0,0,0,0,0,0,0,0,0,0,0,0,6554.86
04-08-2022 12.00.00 AM,8200,SMC,,10515,SMC,HZM0071        ,0,0,0,0,0,0,0,0,0,0,0,0,0,0,510671.88
04-08-2022 12.00.00 AM,8200,SMC,,10515,SMC,HYD1123        ,0,0,0,0,0,0,0,0,0,0,0,0,0,0,211114.23
04-08-2022 12.00.00 AM,8200,SMC,,10515,SMC,IFM0108        ,0,0,0,0,0,0,0,0,0,0,0,0,0,0,19664.59
04-08-2022 12.00.00 AM,8200,SMC,,10515,SMC,HYV0027        ,0,0,0,0,0,0,0,0,0,0,0,0,0,0,47705.20
04-08-2022 12.00.00 AM,8200,SMC,,10515,SMC,HYD2627        ,0,0,0,0,0,0,0,0,0,0,0,0,0,0,359432.26
04-08-2022 12.00.00 AM,8200,SMC,,10515,SMC,HUZ0160        ,0,0,0,0,0,0,0,0,0,0,0,0,0,0,173192.69
04-08-2022 12.00.00 AM,8200,SMC,,10515,SMC,IIZ0019        ,0,0,0,0,0,0,0,0,0,0,0,0,0,0,13109.73
04-08-2022 12.00.00 AM,8200,SMC,,10515,SMC,HYD0933        ,0,0,0,0,0,0,0,0,0,0,0,0,0,0,26130.71
04-08-2022 12.00.00 AM,8200,SMC,,10515,SMC,HSE0016        ,0,0,0,0,0,0,0,0,0,0,0,0,0,0,30971.33
04-08-2022 12.00.00 AM,8200,SMC,,10515,SMC,IDE0290        ,0,0,0,0,0,0,0,0,0,0,0,0,0,0,6554.86
04-08-2022 12.00.00 AM,8200,SMC,,10515,SMC,HUW0230        ,0,0,0,0,0,0,0,0,0,0,0,0,0,0,19040.91
04-08-2022 12.00.00 AM,8200,SMC,,10515,SMC,HUP0006        ,0,0,0,0,0,0,0,0,0,0,0,0,0,0,6677.80
04-08-2022 12.00.00 AM,8200,SMC,,10515,SMC,IJT0111        ,0,0,0,0,0,0,0,0,0,0,0,0,0,0,6554.86
04-08-2022 12.00.00 AM,8200,SMC,,10515,SMC,INF0073        ,0,0,0,0,0,0,0,0,0,0,0,0,0,0,6554.86
04-08-2022 12.00.00 AM,8200,SMC,,10515,SMC,IQT0003        ,0,0,0,0,0,0,0,0,0,0,0,0,0,0,6554.86
04-08-2022 12.00.00 AM,8200,SMC,,10515,SMC,IQT0004        ,0,0,0,0,0,0,0,0,0,0,0,0,0,0,6554.86
04-08-2022 12.00.00 AM,8200,SMC,,10515,SMC,IOZ0404        ,0,0,0,0,0,0,0,0,0,0,0,0,0,0,13232.66
04-08-2022 12.00.00 AM,8200,SMC,,10515,SMC,JGW4217        ,0,0,0,0,0,0,0,0,0,0,0,0,0,0,130958.25
04-08-2022 12.00.00 AM,8200,SMC,,10515,SMC,IUU0060        ,0,0,0,0,0,0,0,0,0,0,0,0,0,0,364553.12
04-08-2022 12.00.00 AM,8200,SMC,,10515,SMC,JCP0144        ,0,0,0,0,0,0,0,0,0,0,0,0,0,0,434026.50
04-08-2022 12.00.00 AM,8200,SMC,,10515,SMC,JCP0145        ,0,0,0,0,0,0,0,0,0,0,0,0,0,0,576209.25
04-08-2022 12.00.00 AM,8200,SMC,,10515,SMC,JCP0153        ,0,0,0,0,0,0,0,0,0,0,0,0,0,0,217013.25
04-08-2022 12.00.00 AM,8200,SMC,,10515,SMC,JFI0001        ,0,0,0,0,0,0,0,0,0,0,0,0,0,0,47705.20
04-08-2022 12.00.00 AM,8200,SMC,,10515,SMC,JCQ0052        ,0,0,0,0,0,0,0,0,0,0,0,0,0,0,52438.90
04-08-2022 12.00.00 AM,8200,SMC,,10515,SMC,IRJ0002        ,0,0,0,0,0,0,0,0,0,0,0,0,0,0,178663.45
04-08-2022 12.00.00 AM,8200,SMC,,10515,SMC,IRJ0009        ,0,0,0,0,0,0,0,0,0,0,0,0,0,0,19664.59
04-08-2022 12.00.00 AM,8200,SMC,,10515,SMC,IZO0002        ,0,0,0,0,0,0,0,0,0,0,0,0,0,0,19664.59
04-08-2022 12.00.00 AM,8200,SMC,,10515,SMC,IZU0002        ,0,0,0,0,0,0,0,0,0,0,0,0,0,0,23598715.64
04-08-2022 12.00.00 AM,8200,SMC,,10515,SMC,IVV0004        ,0,0,0,0,0,0,0,0,0,0,0,0,0,0,95410.40
04-08-2022 12.00.00 AM,8200,SMC,,10515,SMC,IVV0005        ,0,0,0,0,0,0,0,0,0,0,0,0,0,0,47705.20
04-08-2022 12.00.00 AM,8200,SMC,,10515,SMC,IVV0006        ,0,0,0,0,0,0,0,0,0,0,0,0,0,0,47705.20
04-08-2022 12.00.00 AM,8200,SMC,,10515,SMC,IOF0028        ,0,0,0,0,0,0,0,0,0,0,0,0,0,0,35606.88
04-08-2022 12.00.00 AM,8200,SMC,,10515,SMC,IOZ0198        ,0,0,0,0,0,0,0,0,0,0,0,0,0,0,65479.13
04-08-2022 12.00.00 AM,8200,SMC,,10515,SMC,IYT0021        ,0,0,0,0,0,0,0,0,0,0,0,0,0,0,255335.94
04-08-2022 12.00.00 AM,8200,SMC,,10515,SMC,INF0065        ,0,0,0,0,0,0,0,0,0,0,0,0,0,0,13109.73
04-08-2022 12.00.00 AM,8200,SMC,,10515,SMC,JDT0326        ,0,0,0,0,0,0,0,0,0,0,0,0,0,0,97984.38
04-08-2022 12.00.00 AM,8200,SMC,,10515,SMC,ILT0011        ,0,0,0,0,0,0,0,0,0,0,0,0,0,0,3808.18
04-08-2022 12.00.00 AM,8200,SMC,,10515,SMC,JPO0039        ,0,0,0,0,0,0,0,0,0,0,0,0,0,0,3808.18
04-08-2022 12.00.00 AM,8200,SMC,,10515,SMC,JHX2491        ,0,0,0,0,0,0,0,0,0,0,0,0,0,0,95589.55
04-08-2022 12.00.00 AM,8200,SMC,,10515,SMC,JPO0086        ,0,0,0,0,0,0,0,0,0,0,0,0,0,0,6554.86
04-08-2022 12.00.00 AM,8200,SMC,,10515,SMC,JHX2563        ,0,0,0,0,0,0,0,0,0,0,0,0,0,0,6554.86
04-08-2022 12.00.00 AM,8200,SMC,,10515,SMC,JHX2589        ,0,0,0,0,0,0,0,0,0,0,0,0,0,0,6554.86
04-08-2022 12.00.00 AM,8200,SMC,,10515,SMC,JXC0009        ,0,0,0,0,0,0,0,0,0,0,0,0,0,0,121479.25
04-08-2022 12.00.00 AM,8200,SMC,,10515,SMC,JSR0174        ,0,0,0,0,0,0,0,0,0,0,0,0,0,0,6554.86
04-08-2022 12.00.00 AM,8200,SMC,,10515,SMC,JUM2046        ,0,0,0,0,0,0,0,0,0,0,0,0,0,0,255335.94
04-08-2022 12.00.00 AM,8200,SMC,,10515,SMC,JUM0005        ,0,0,0,0,0,0,0,0,0,0,0,0,0,0,4573025
04-08-2022 12.00.00 AM,8200,SMC,,10515,SMC,JHX2643        ,0,0,0,0,0,0,0,0,0,0,0,0,0,0,39575.05
04-08-2022 12.00.00 AM,8200,SMC,,10515,SMC,JGW4297        ,0,0,0,0,0,0,0,0,0,0,0,0,0,0,143660.68
04-08-2022 12.00.00 AM,8200,SMC,,10515,SMC,KAH2399        ,0,0,0,0,0,0,0,0,0,0,0,0,0,0,389148
04-08-2022 12.00.00 AM,8200,SMC,,10515,SMC,KAH1110        ,0,0,0,0,0,0,0,0,0,0,0,0,0,0,47705.20
04-08-2022 12.00.00 AM,8200,SMC,,10515,SMC,JUM2207        ,0,0,0,0,0,0,0,0,0,0,0,0,0,0,271435.50
04-08-2022 12.00.00 AM,8200,SMC,,10515,SMC,JPO1623        ,0,0,0,0,0,0,0,0,0,0,0,0,0,0,39329.18
04-08-2022 12.00.00 AM,8200,SMC,,10515,SMC,JHX1543        ,0,0,0,0,0,0,0,0,0,0,0,0,0,0,26219.45
04-08-2022 12.00.00 AM,8200,SMC,,10515,SMC,JVS0250        ,0,0,0,0,0,0,0,0,0,0,0,0,0,0,6554.86
04-08-2022 12.00.00 AM,8200,SMC,,10515,SMC,JVV0131        ,0,0,0,0,0,0,0,0,0,0,0,0,0,0,19664.59
04-08-2022 12.00.00 AM,8200,SMC,,10515,SMC,JPO1761        ,0,0,0,0,0,0,0,0,0,0,0,0,0,0,143115.60
04-08-2022 12.00.00 AM,8200,SMC,,10515,SMC,JMN0029        ,0,0,0,0,0,0,0,0,0,0,0,0,0,0,13109.73
04-08-2022 12.00.00 AM,8200,SMC,,10515,SMC,JMN0030        ,0,0,0,0,0,0,0,0,0,0,0,0,0,0,95410.40
04-08-2022 12.00.00 AM,8200,SMC,,10515,SMC,JHX2854        ,0,0,0,0,0,0,0,0,0,0,0,0,0,0,6554.86
04-08-2022 12.00.00 AM,8200,SMC,,10515,SMC,JVS0420        ,0,0,0,0,0,0,0,0,0,0,0,0,0,0,65479.13
04-08-2022 12.00.00 AM,8200,SMC,,10515,SMC,JWM0010        ,0,0,0,0,0,0,0,0,0,0,0,0,0,0,6554.86
04-08-2022 12.00.00 AM,8200,SMC,,10515,SMC,JPP0035        ,0,0,0,0,0,0,0,0,0,0,0,0,0,0,2540005
04-08-2022 12.00.00 AM,8200,SMC,,10515,SMC,KAH2648        ,0,0,0,0,0,0,0,0,0,0,0,0,0,0,32739.56
04-08-2022 12.00.00 AM,8200,SMC,,10515,SMC,JVS0479        ,0,0,0,0,0,0,0,0,0,0,0,0,0,0,131027.76
04-08-2022 12.00.00 AM,8200,SMC,,10515,SMC,JVS0500        ,0,0,0,0,0,0,0,0,0,0,0,0,0,0,65479.13
04-08-2022 12.00.00 AM,8200,SMC,,10515,SMC,JWM0011        ,0,0,0,0,0,0,0,0,0,0,0,0,0,0,13109.73
04-08-2022 12.00.00 AM,8200,SMC,,10515,SMC,JY34           ,0,0,0,0,0,0,0,0,0,0,0,0,0,0,207910.63
04-08-2022 12.00.00 AM,8200,SMC,,10515,SMC,JHX2407        ,0,0,0,0,0,0,0,0,0,0,0,0,0,0,4734.08
04-08-2022 12.00.00 AM,8200,SMC,,10515,SMC,JWM0084        ,0,0,0,0,0,0,0,0,0,0,0,0,0,0,20033.40
04-08-2022 12.00.00 AM,8200,SMC,,10515,SMC,JVL0002        ,0,0,0,0,0,0,0,0,0,0,0,0,0,0,226886.25
04-08-2022 12.00.00 AM,8200,SMC,,10515,SMC,JHX2442        ,0,0,0,0,0,0,0,0,0,0,0,0,0,0,26588.26
04-08-2022 12.00.00 AM,8200,SMC,,10515,SMC,JHX3085        ,0,0,0,0,0,0,0,0,0,0,0,0,0,0,6554.86
04-08-2022 12.00.00 AM,8200,SMC,,10515,SMC,JWR0001        ,0,0,0,0,0,0,0,0,0,0,0,0,0,0,65479.13
04-08-2022 12.00.00 AM,8200,SMC,,10515,SMC,KFE1440        ,0,0,0,0,0,0,0,0,0,0,0,0,0,0,293252.08
04-08-2022 12.00.00 AM,8200,SMC,,10515,SMC,JVS0622        ,0,0,0,0,0,0,0,0,0,0,0,0,0,0,98288.19
04-08-2022 12.00.00 AM,8200,SMC,,10515,SMC,KPA1411        ,0,0,0,0,0,0,0,0,0,0,0,0,0,0,26219.45
04-08-2022 12.00.00 AM,8200,SMC,,10515,SMC,KAH0299        ,0,0,0,0,0,0,0,0,0,0,0,0,0,0,91768.08
04-08-2022 12.00.00 AM,8200,SMC,,10515,SMC,KCA0314        ,0,0,0,0,0,0,0,0,0,0,0,0,0,0,39329.18
04-08-2022 12.00.00 AM,8200,SMC,,10515,SMC,KFE0921        ,0,0,0,0,0,0,0,0,0,0,0,0,0,0,13109.73
04-08-2022 12.00.00 AM,8200,SMC,,10515,SMC,KKI0006        ,0,0,0,0,0,0,0,0,0,0,0,0,0,0,26219.45
04-08-2022 12.00.00 AM,8200,SMC,,10515,SMC,KKN0015        ,0,0,0,0,0,0,0,0,0,0,0,0,0,0,13109.73
04-08-2022 12.00.00 AM,8200,SMC,,10515,SMC,KEJ0002        ,0,0,0,0,0,0,0,0,0,0,0,0,0,0,13109.73
04-08-2022 12.00.00 AM,8200,SMC,,10515,SMC,KEJ0005        ,0,0,0,0,0,0,0,0,0,0,0,0,0,0,126632.33
04-08-2022 12.00.00 AM,8200,SMC,,10515,SMC,KEJ0006        ,0,0,0,0,0,0,0,0,0,0,0,0,0,0,1575960.80
04-08-2022 12.00.00 AM,8200,SMC,,10515,SMC,KPA1551        ,0,0,0,0,0,0,0,0,0,0,0,0,0,0,6554.86
04-08-2022 12.00.00 AM,8200,SMC,,10515,SMC,JHX2171        ,0,0,0,0,0,0,0,0,0,0,0,0,0,0,13109.73
04-08-2022 12.00.00 AM,8200,SMC,,10515,SMC,KCX0004        ,0,0,0,0,0,0,0,0,0,0,0,0,0,0,65479.13
04-08-2022 12.00.00 AM,8200,SMC,,10515,SMC,KJL0001        ,0,0,0,0,0,0,0,0,0,0,0,0,0,0,33349.38
04-08-2022 12.00.00 AM,8200,SMC,,10515,SMC,KFE1049        ,0,0,0,0,0,0,0,0,0,0,0,0,0,0,58993.76
04-08-2022 12.00.00 AM,8200,SMC,,10515,SMC,KCX0118        ,0,0,0,0,0,0,0,0,0,0,0,0,0,0,32739.56
04-08-2022 12.00.00 AM,8200,SMC,,10515,SMC,KCX0137        ,0,0,0,0,0,0,0,0,0,0,0,0,0,0,85213.21
04-08-2022 12.00.00 AM,8200,SMC,,10515,SMC,KCX0141        ,0,0,0,0,0,0,0,0,0,0,0,0,0,0,163871.56
04-08-2022 12.00.00 AM,8200,SMC,,10515,SMC,KCA0600        ,0,0,0,0,0,0,0,0,0,0,0,0,0,0,13109.73
04-08-2022 12.00.00 AM,8200,SMC,,10515,SMC,KFJ0004        ,0,0,0,0,0,0,0,0,0,0,0,0,0,0,6554.86
04-08-2022 12.00.00 AM,8200,SMC,,10515,SMC,KFE1175        ,0,0,0,0,0,0,0,0,0,0,0,0,0,0,194574
04-08-2022 12.00.00 AM,8200,SMC,,10515,SMC,KFE1186        ,0,0,0,0,0,0,0,0,0,0,0,0,0,0,583722
04-08-2022 12.00.00 AM,8200,SMC,,10515,SMC,JPO1277        ,0,0,0,0,0,0,0,0,0,0,0,0,0,0,226886.25
04-08-2022 12.00.00 AM,8200,SMC,,10515,SMC,JPO1282        ,0,0,0,0,0,0,0,0,0,0,0,0,0,0,95410.40
04-08-2022 12.00.00 AM,8200,SMC,,10515,SMC,KFE0626        ,0,0,0,0,0,0,0,0,0,0,0,0,0,0,226886.25
04-08-2022 12.00.00 AM,8200,SMC,,10515,SMC,KPA0044        ,0,0,0,0,0,0,0,0,0,0,0,0,0,0,6677.80
04-08-2022 12.00.00 AM,8200,SMC,,10515,SMC,KDF0006        ,0,0,0,0,0,0,0,0,0,0,0,0,0,0,13109.73
04-08-2022 12.00.00 AM,8200,SMC,,10515,SMC,KCA0811        ,0,0,0,0,0,0,0,0,0,0,0,0,0,0,6554.86
04-08-2022 12.00.00 AM,8200,SMC,,10515,SMC,KAH3352        ,0,0,0,0,0,0,0,0,0,0,0,0,0,0,1539147.50
04-08-2022 12.00.00 AM,8200,SMC,,10515,SMC,KDF0028        ,0,0,0,0,0,0,0,0,0,0,0,0,0,0,176981.29
04-08-2022 12.00.00 AM,8200,SMC,,10515,SMC,KFE0246        ,0,0,0,0,0,0,0,0,0,0,0,0,0,0,449909.94
04-08-2022 12.00.00 AM,8200,SMC,,10515,SMC,KYI0046        ,0,0,0,0,0,0,0,0,0,0,0,0,0,0,65548.63
04-08-2022 12.00.00 AM,8200,SMC,,10515,SMC,KWG0159        ,0,0,0,0,0,0,0,0,0,0,0,0,0,0,72103.49
04-08-2022 12.00.00 AM,8200,SMC,,10515,SMC,KZX0020        ,0,0,0,0,0,0,0,0,0,0,0,0,0,0,113738.13
04-08-2022 12.00.00 AM,8200,SMC,,10515,SMC,KTQ0046        ,0,0,0,0,0,0,0,0,0,0,0,0,0,0,32774.31
04-08-2022 12.00.00 AM,8200,SMC,,10515,SMC,KQD0129        ,0,0,0,0,0,0,0,0,0,0,0,0,0,0,11674440
04-08-2022 12.00.00 AM,8200,SMC,,10515,SMC,KQD0134        ,0,0,0,0,0,0,0,0,0,0,0,0,0,0,1094393.88
04-08-2022 12.00.00 AM,8200,SMC,,10515,SMC,KQL0323        ,0,0,0,0,0,0,0,0,0,0,0,0,0,0,482222.19
04-08-2022 12.00.00 AM,8200,SMC,,10515,SMC,KFJ0694        ,0,0,0,0,0,0,0,0,0,0,0,0,0,0,6677.80
04-08-2022 12.00.00 AM,8200,SMC,,10515,SMC,KVJ0026        ,0,0,0,0,0,0,0,0,0,0,0,0,0,0,26465.33
04-08-2022 12.00.00 AM,8200,SMC,,10515,SMC,KTJ0061        ,0,0,0,0,0,0,0,0,0,0,0,0,0,0,32774.31
04-08-2022 12.00.00 AM,8200,SMC,,10515,SMC,KMP0010        ,0,0,0,0,0,0,0,0,0,0,0,0,0,0,6554.86
04-08-2022 12.00.00 AM,8200,SMC,,10515,SMC,KJA0167        ,0,0,0,0,0,0,0,0,0,0,0,0,0,0,6677.80
04-08-2022 12.00.00 AM,8200,SMC,,10515,SMC,KPA2013        ,0,0,0,0,0,0,0,0,0,0,0,0,0,0,19787.53
04-08-2022 12.00.00 AM,8200,SMC,,10515,SMC,KPA0804        ,0,0,0,0,0,0,0,0,0,0,0,0,0,0,327395.63
04-08-2022 12.00.00 AM,8200,SMC,,10515,SMC,LKA4963        ,0,0,0,0,0,0,0,0,0,0,0,0,0,0,265782.01
04-08-2022 12.00.00 AM,8200,SMC,,10515,SMC,KQX0206        ,0,0,0,0,0,0,0,0,0,0,0,0,0,0,195968.75
04-08-2022 12.00.00 AM,8200,SMC,,10515,SMC,KQL0283        ,0,0,0,0,0,0,0,0,0,0,0,0,0,0,255335.94
04-08-2022 12.00.00 AM,8200,SMC,,10515,SMC,LKA2505        ,0,0,0,0,0,0,0,0,0,0,0,0,0,0,19664.59
04-08-2022 12.00.00 AM,8200,SMC,,10515,SMC,LAH0695        ,0,0,0,0,0,0,0,0,0,0,0,0,0,0,113273.91
04-08-2022 12.00.00 AM,8200,SMC,,10515,SMC,LHH3840        ,0,0,0,0,0,0,0,0,0,0,0,0,0,0,3808.18
04-08-2022 12.00.00 AM,8200,SMC,,10515,SMC,LHH0745        ,0,0,0,0,0,0,0,0,0,0,0,0,0,0,78658.35
04-08-2022 12.00.00 AM,8200,SMC,,10515,SMC,LHH5066        ,0,0,0,0,0,0,0,0,0,0,0,0,0,0,1433138.25
04-08-2022 12.00.00 AM,8200,SMC,,10515,SMC,LHH1411        ,0,0,0,0,0,0,0,0,0,0,0,0,0,0,19664.59
04-08-2022 12.00.00 AM,8200,SMC,,10515,SMC,LHH3870        ,0,0,0,0,0,0,0,0,0,0,0,0,0,0,3808.18
04-08-2022 12.00.00 AM,8200,SMC,,10515,SMC,LNU0615        ,0,0,0,0,0,0,0,0,0,0,0,0,0,0,24534.28
04-08-2022 12.00.00 AM,8200,SMC,,10515,SMC,LJX0326        ,0,0,0,0,0,0,0,0,0,0,0,0,0,0,1859148.63
04-08-2022 12.00.00 AM,8200,SMC,,10515,SMC,LJX0327        ,0,0,0,0,0,0,0,0,0,0,0,0,0,0,1834215.63
04-08-2022 12.00.00 AM,8200,SMC,,10515,SMC,LHH6571        ,0,0,0,0,0,0,0,0,0,0,0,0,0,0,97984.38
04-08-2022 12.00.00 AM,8200,SMC,,10515,SMC,KTA0437        ,0,0,0,0,0,0,0,0,0,0,0,0,0,0,32739.56
04-08-2022 12.00.00 AM,8200,SMC,,10515,SMC,KQL0051        ,0,0,0,0,0,0,0,0,0,0,0,0,0,0,255335.94
04-08-2022 12.00.00 AM,8200,SMC,,10515,SMC,KQL0068        ,0,0,0,0,0,0,0,0,0,0,0,0,0,0,255335.94
04-08-2022 12.00.00 AM,8200,SMC,,10515,SMC,LID1240        ,0,0,0,0,0,0,0,0,0,0,0,0,0,0,684273
04-08-2022 12.00.00 AM,8200,SMC,,10515,SMC,LID1246        ,0,0,0,0,0,0,0,0,0,0,0,0,0,0,32685.58
04-08-2022 12.00.00 AM,8200,SMC,,10515,SMC,LHH6610        ,0,0,0,0,0,0,0,0,0,0,0,0,0,0,26657.28
04-08-2022 12.00.00 AM,8200,SMC,,10515,SMC,LMF0075        ,0,0,0,0,0,0,0,0,0,0,0,0,0,0,793389.07
04-08-2022 12.00.00 AM,8200,SMC,,10515,SMC,LNU0901        ,0,0,0,0,0,0,0,0,0,0,0,0,0,0,194574
04-08-2022 12.00.00 AM,8200,SMC,,10515,SMC,LID0206        ,0,0,0,0,0,0,0,0,0,0,0,0,0,0,32739.56
04-08-2022 12.00.00 AM,8200,SMC,,10515,SMC,LTP0006        ,0,0,0,0,0,0,0,0,0,0,0,0,0,0,13109.73
04-08-2022 12.00.00 AM,8200,SMC,,10515,SMC,LKA5675        ,0,0,0,0,0,0,0,0,0,0,0,0,0,0,20684.25
04-08-2022 12.00.00 AM,8200,SMC,,10515,SMC,LNM0028        ,0,0,0,0,0,0,0,0,0,0,0,0,0,0,3787.26
04-08-2022 12.00.00 AM,8200,SMC,,10515,SMC,LHH4971        ,0,0,0,0,0,0,0,0,0,0,0,0,0,0,130958.25
04-08-2022 12.00.00 AM,8200,SMC,,10515,SMC,LNM0081        ,0,0,0,0,0,0,0,0,0,0,0,0,0,0,19664.59
04-08-2022 12.00.00 AM,8200,SMC,,10515,SMC,LNM0092        ,0,0,0,0,0,0,0,0,0,0,0,0,0,0,121629.85
04-08-2022 12.00.00 AM,8200,SMC,,10515,SMC,LKO1964        ,0,0,0,0,0,0,0,0,0,0,0,0,0,0,238784.25
04-08-2022 12.00.00 AM,8200,SMC,,10515,SMC,MAX1140        ,0,0,0,0,0,0,0,0,0,0,0,0,0,0,458353.88
04-08-2022 12.00.00 AM,8200,SMC,,10515,SMC,LNU1670        ,0,0,0,0,0,0,0,0,0,0,0,0,0,0,614458
04-08-2022 12.00.00 AM,8200,SMC,,10515,SMC,LKA5804        ,0,0,0,0,0,0,0,0,0,0,0,0,0,0,6514.86
04-08-2022 12.00.00 AM,8200,SMC,,10515,SMC,LKA5805        ,0,0,0,0,0,0,0,0,0,0,0,0,0,0,687135.50
04-08-2022 12.00.00 AM,8200,SMC,,10515,SMC,LKA5815        ,0,0,0,0,0,0,0,0,0,0,0,0,0,0,6554.86
04-08-2022 12.00.00 AM,8200,SMC,,10515,SMC,LKA5820        ,0,0,0,0,0,0,0,0,0,0,0,0,0,0,94606.20
04-08-2022 12.00.00 AM,8200,SMC,,10515,SMC,LKO0886        ,0,0,0,0,0,0,0,0,0,0,0,0,0,0,26037.41
04-08-2022 12.00.00 AM,8200,SMC,,10515,SMC,LNU1761        ,0,0,0,0,0,0,0,0,0,0,0,0,0,0,6554.86
04-08-2022 12.00.00 AM,8200,SMC,,10515,SMC,LTP0708        ,0,0,0,0,0,0,0,0,0,0,0,0,0,0,19664.59
04-08-2022 12.00.00 AM,8200,SMC,,10515,SMC,LHH3299        ,0,0,0,0,0,0,0,0,0,0,0,0,0,0,6554.86
04-08-2022 12.00.00 AM,8200,SMC,,10515,SMC,LNU0043        ,0,0,0,0,0,0,0,0,0,0,0,0,0,0,1446632.75
04-08-2022 12.00.00 AM,8200,SMC,,10515,SMC,LTP0800        ,0,0,0,0,0,0,0,0,0,0,0,0,0,0,39329.18
04-08-2022 12.00.00 AM,8200,SMC,,10515,SMC,LHH2184        ,0,0,0,0,0,0,0,0,0,0,0,0,0,0,1134431.25
04-08-2022 12.00.00 AM,8200,SMC,,10515,SMC,LKA1548        ,0,0,0,0,0,0,0,0,0,0,0,0,0,0,78588.86
04-08-2022 12.00.00 AM,8200,SMC,,10515,SMC,LID0666        ,0,0,0,0,0,0,0,0,0,0,0,0,0,0,12715524.90
04-08-2022 12.00.00 AM,8200,SMC,,10515,SMC,LSK0110        ,0,0,0,0,0,0,0,0,0,0,0,0,0,0,222048.38
04-08-2022 12.00.00 AM,8200,SMC,,10515,SMC,LKA1615        ,0,0,0,0,0,0,0,0,0,0,0,0,0,0,227313.56
04-08-2022 12.00.00 AM,8200,SMC,,10515,SMC,LKA1636        ,0,0,0,0,0,0,0,0,0,0,0,0,0,0,32739.56
04-08-2022 12.00.00 AM,8200,SMC,,10515,SMC,LKA1653        ,0,0,0,0,0,0,0,0,0,0,0,0,0,0,47794.78
04-08-2022 12.00.00 AM,8200,SMC,,10515,SMC,LNU1478        ,0,0,0,0,0,0,0,0,0,0,0,0,0,0,1075953.12
04-08-2022 12.00.00 AM,8200,SMC,,10515,SMC,LLD0039        ,0,0,0,0,0,0,0,0,0,0,0,0,0,0,6677.80
04-08-2022 12.00.00 AM,8200,SMC,,10515,SMC,LYS0007        ,0,0,0,0,0,0,0,0,0,0,0,0,0,0,32739.56
04-08-2022 12.00.00 AM,8200,SMC,,10515,SMC,LKA0542        ,0,0,0,0,0,0,0,0,0,0,0,0,0,0,13109.73
04-08-2022 12.00.00 AM,8200,SMC,,10515,SMC,LKA3070        ,0,0,0,0,0,0,0,0,0,0,0,0,0,0,3704967.45
04-08-2022 12.00.00 AM,8200,SMC,,10515,SMC,LKA3091        ,0,0,0,0,0,0,0,0,0,0,0,0,0,0,6554.86
04-08-2022 12.00.00 AM,8200,SMC,,10515,SMC,MYE0210        ,0,0,0,0,0,0,0,0,0,0,0,0,0,0,111432.66
04-08-2022 12.00.00 AM,8200,SMC,,10515,SMC,MPM0267        ,0,0,0,0,0,0,0,0,0,0,0,0,0,0,4962965
04-08-2022 12.00.00 AM,8200,SMC,,10515,SMC,LOU0004        ,0,0,0,0,0,0,0,0,0,0,0,0,0,0,113253.83
04-08-2022 12.00.00 AM,8200,SMC,,10515,SMC,LOU0007        ,0,0,0,0,0,0,0,0,0,0,0,0,0,0,1509.97
04-08-2022 12.00.00 AM,8200,SMC,,10515,SMC,LWG0052        ,0,0,0,0,0,0,0,0,0,0,0,0,0,0,19664.59
04-08-2022 12.00.00 AM,8200,SMC,,10515,SMC,LWG0055        ,0,0,0,0,0,0,0,0,0,0,0,0,0,0,13109.73
04-08-2022 12.00.00 AM,8200,SMC,,10515,SMC,LWG0082        ,0,0,0,0,0,0,0,0,0,0,0,0,0,0,39329.18
04-08-2022 12.00.00 AM,8200,SMC,,10515,SMC,LVZ0029        ,0,0,0,0,0,0,0,0,0,0,0,0,0,0,6554.86
04-08-2022 12.00.00 AM,8200,SMC,,10515,SMC,LVZ0035        ,0,0,0,0,0,0,0,0,0,0,0,0,0,0,6554.86
04-08-2022 12.00.00 AM,8200,SMC,,10515,SMC,MSR0057        ,0,0,0,0,0,0,0,0,0,0,0,0,0,0,992894.06
04-08-2022 12.00.00 AM,8200,SMC,,10515,SMC,LTK0563        ,0,0,0,0,0,0,0,0,0,0,0,0,0,0,195968.75
04-08-2022 12.00.00 AM,8200,SMC,,10515,SMC,LWA0082        ,0,0,0,0,0,0,0,0,0,0,0,0,0,0,58993.76
04-08-2022 12.00.00 AM,8200,SMC,,10515,SMC,LTP0129        ,0,0,0,0,0,0,0,0,0,0,0,0,0,0,315398.12
04-08-2022 12.00.00 AM,8200,SMC,,10515,SMC,MAX1857        ,0,0,0,0,0,0,0,0,0,0,0,0,0,0,32739.56
04-08-2022 12.00.00 AM,8200,SMC,,10515,SMC,MAX0632        ,0,0,0,0,0,0,0,0,0,0,0,0,0,0,32739.56
04-08-2022 12.00.00 AM,8200,SMC,,10515,SMC,LRP0034        ,0,0,0,0,0,0,0,0,0,0,0,0,0,0,45884.04
04-08-2022 12.00.00 AM,8200,SMC,,10515,SMC,MCB0841        ,0,0,0,0,0,0,0,0,0,0,0,0,0,0,32739.56
04-08-2022 12.00.00 AM,8200,SMC,,10515,SMC,MAA0126        ,0,0,0,0,0,0,0,0,0,0,0,0,0,0,19664.59
04-08-2022 12.00.00 AM,8200,SMC,,10515,SMC,MHJ0031        ,0,0,0,0,0,0,0,0,0,0,0,0,0,0,225310
04-08-2022 12.00.00 AM,8200,SMC,,10515,SMC,LRP0070        ,0,0,0,0,0,0,0,0,0,0,0,0,0,0,13109.73
04-08-2022 12.00.00 AM,8200,SMC,,10515,SMC,LVM0086        ,0,0,0,0,0,0,0,0,0,0,0,0,0,0,198668.75
04-08-2022 12.00.00 AM,8200,SMC,,10515,SMC,LVM0090        ,0,0,0,0,0,0,0,0,0,0,0,0,0,0,20033.40
04-08-2022 12.00.00 AM,8200,SMC,,10515,SMC,LWE0007        ,0,0,0,0,0,0,0,0,0,0,0,0,0,0,13109.73
04-08-2022 12.00.00 AM,8200,SMC,,10515,SMC,MCB0970        ,0,0,0,0,0,0,0,0,0,0,0,0,0,0,658234.38
04-08-2022 12.00.00 AM,8200,SMC,,10515,SMC,LWE0052        ,0,0,0,0,0,0,0,0,0,0,0,0,0,0,4734.08
04-08-2022 12.00.00 AM,8200,SMC,,10515,SMC,LRP0204        ,0,0,0,0,0,0,0,0,0,0,0,0,0,0,26219.45
04-08-2022 12.00.00 AM,8200,SMC,,10515,SMC,LWE0090        ,0,0,0,0,0,0,0,0,0,0,0,0,0,0,6554.86
04-08-2022 12.00.00 AM,8200,SMC,,10515,SMC,LWE0113        ,0,0,0,0,0,0,0,0,0,0,0,0,0,0,13109.73
04-08-2022 12.00.00 AM,8200,SMC,,10515,SMC,MVM0020        ,0,0,0,0,0,0,0,0,0,0,0,0,0,0,4033720.50
04-08-2022 12.00.00 AM,8200,SMC,,10515,SMC,MVM0049        ,0,0,0,0,0,0,0,0,0,0,0,0,0,0,2268862.50
04-08-2022 12.00.00 AM,8200,SMC,,10515,SMC,MVM0065        ,0,0,0,0,0,0,0,0,0,0,0,0,0,0,2328346.88
04-08-2022 12.00.00 AM,8200,SMC,,10515,SMC,MRR0052        ,0,0,0,0,0,0,0,0,0,0,0,0,0,0,13109.73
04-08-2022 12.00.00 AM,8200,SMC,,10515,SMC,MPM0151        ,0,0,0,0,0,0,0,0,0,0,0,0,0,0,64014846
04-08-2022 12.00.00 AM,8200,SMC,,10515,SMC,LOF0002        ,0,0,0,0,0,0,0,0,0,0,0,0,0,0,6554.86
04-08-2022 12.00.00 AM,8200,SMC,,10515,SMC,MAX1597        ,0,0,0,0,0,0,0,0,0,0,0,0,0,0,65479.13
04-08-2022 12.00.00 AM,8200,SMC,,10515,SMC,MAX1632        ,0,0,0,0,0,0,0,0,0,0,0,0,0,0,68316.82
04-08-2022 12.00.00 AM,8200,SMC,,10515,SMC,LTG0049        ,0,0,0,0,0,0,0,0,0,0,0,0,0,0,605447.45
04-08-2022 12.00.00 AM,8200,SMC,,10515,SMC,MPM0235        ,0,0,0,0,0,0,0,0,0,0,0,0,0,0,5878196.18
04-08-2022 12.00.00 AM,8200,SMC,,10515,SMC,LTP0573        ,0,0,0,0,0,0,0,0,0,0,0,0,0,0,72103.49
04-08-2022 12.00.00 AM,8200,SMC,,10515,SMC,MFR0254        ,0,0,0,0,0,0,0,0,0,0,0,0,0,0,13355.60
04-08-2022 12.00.00 AM,8200,SMC,,10515,SMC,NNN2820        ,0,0,0,0,0,0,0,0,0,0,0,0,0,0,6554.86
04-08-2022 12.00.00 AM,8200,SMC,,10515,SMC,MPM0928        ,0,0,0,0,0,0,0,0,0,0,0,0,0,0,47705.20
04-08-2022 12.00.00 AM,8200,SMC,,10515,SMC,MSR0092        ,0,0,0,0,0,0,0,0,0,0,0,0,0,0,98218.69
04-08-2022 12.00.00 AM,8200,SMC,,10515,SMC,MSR0093        ,0,0,0,0,0,0,0,0,0,0,0,0,0,0,47705.20
04-08-2022 12.00.00 AM,8200,SMC,,10515,SMC,MSR0100        ,0,0,0,0,0,0,0,0,0,0,0,0,0,0,32739.56
04-08-2022 12.00.00 AM,8200,SMC,,10515,SMC,MSR0108        ,0,0,0,0,0,0,0,0,0,0,0,0,0,0,98218.69
04-08-2022 12.00.00 AM,8200,SMC,,10515,SMC,NCA0001        ,0,0,0,0,0,0,0,0,0,0,0,0,0,0,389148
04-08-2022 12.00.00 AM,8200,SMC,,10515,SMC,MST0038        ,0,0,0,0,0,0,0,0,0,0,0,0,0,0,482222.19
04-08-2022 12.00.00 AM,8200,SMC,,10515,SMC,NIJ0191        ,0,0,0,0,0,0,0,0,0,0,0,0,0,0,26219.45
04-08-2022 12.00.00 AM,8200,SMC,,10515,SMC,MUV0002        ,0,0,0,0,0,0,0,0,0,0,0,0,0,0,65479.13
04-08-2022 12.00.00 AM,8200,SMC,,10515,SMC,MUV0003        ,0,0,0,0,0,0,0,0,0,0,0,0,0,0,13109.73
04-08-2022 12.00.00 AM,8200,SMC,,10515,SMC,MUV0018        ,0,0,0,0,0,0,0,0,0,0,0,0,0,0,6554.86
04-08-2022 12.00.00 AM,8200,SMC,,10515,SMC,MUV0022        ,0,0,0,0,0,0,0,0,0,0,0,0,0,0,226886.25
04-08-2022 12.00.00 AM,8200,SMC,,10515,SMC,MUV0028        ,0,0,0,0,0,0,0,0,0,0,0,0,0,0,6554.86
04-08-2022 12.00.00 AM,8200,SMC,,10515,SMC,NIJ0219        ,0,0,0,0,0,0,0,0,0,0,0,0,0,0,65479.13
04-08-2022 12.00.00 AM,8200,SMC,,10515,SMC,NIJ0233        ,0,0,0,0,0,0,0,0,0,0,0,0,0,0,98218.69
04-08-2022 12.00.00 AM,8200,SMC,,10515,SMC,MWM0061        ,0,0,0,0,0,0,0,0,0,0,0,0,0,0,26219.45
04-08-2022 12.00.00 AM,8200,SMC,,10515,SMC,MVC0045        ,0,0,0,0,0,0,0,0,0,0,0,0,0,0,147562.50
04-08-2022 12.00.00 AM,8200,SMC,,10515,SMC,MZD0007        ,0,0,0,0,0,0,0,0,0,0,0,0,0,0,152457.51
04-08-2022 12.00.00 AM,8200,SMC,,10515,SMC,MZD0018        ,0,0,0,0,0,0,0,0,0,0,0,0,0,0,36436.88
04-08-2022 12.00.00 AM,8200,SMC,,10515,SMC,NIN1317        ,0,0,0,0,0,0,0,0,0,0,0,0,0,0,91332.93
04-08-2022 12.00.00 AM,8200,SMC,,10515,SMC,NKQ0409        ,0,0,0,0,0,0,0,0,0,0,0,0,0,0,147562.50
04-08-2022 12.00.00 AM,8200,SMC,,10515,SMC,MTZ0018        ,0,0,0,0,0,0,0,0,0,0,0,0,0,0,67459.37
04-08-2022 12.00.00 AM,8200,SMC,,10515,SMC,MRJ0006        ,0,0,0,0,0,0,0,0,0,0,0,0,0,0,65449.13
04-08-2022 12.00.00 AM,8200,SMC,,10515,SMC,MIF0001        ,0,0,0,0,0,0,0,0,0,0,0,0,0,0,482222.19
04-08-2022 12.00.00 AM,8200,SMC,,10515,SMC,MRJ0020        ,0,0,0,0,0,0,0,0,0,0,0,0,0,0,65479.13
04-08-2022 12.00.00 AM,8200,SMC,,10515,SMC,NIJ0081        ,0,0,0,0,0,0,0,0,0,0,0,0,0,0,65479.13
04-08-2022 12.00.00 AM,8200,SMC,,10515,SMC,NIN0467        ,0,0,0,0,0,0,0,0,0,0,0,0,0,0,32774.31
04-08-2022 12.00.00 AM,8200,SMC,,10515,SMC,NNN2385        ,0,0,0,0,0,0,0,0,0,0,0,0,0,0,4537725
04-08-2022 12.00.00 AM,8200,SMC,,10515,SMC,NCA0252        ,0,0,0,0,0,0,0,0,0,0,0,0,0,0,190820.80
04-08-2022 12.00.00 AM,8200,SMC,,10515,SMC,NNN2456        ,0,0,0,0,0,0,0,0,0,0,0,0,0,0,1134431.25
04-08-2022 12.00.00 AM,8200,SMC,,10515,SMC,NYB0750        ,0,0,0,0,0,0,0,0,0,0,0,0,0,0,74416.40
04-08-2022 12.00.00 AM,8200,SMC,,10515,SMC,NNN3374        ,0,0,0,0,0,0,0,0,0,0,0,0,0,0,255335.94
04-08-2022 12.00.00 AM,8200,SMC,,10515,SMC,NCD0064        ,0,0,0,0,0,0,0,0,0,0,0,0,0,0,6554.86
04-08-2022 12.00.00 AM,8200,SMC,,10515,SMC,NQH0034        ,0,0,0,0,0,0,0,0,0,0,0,0,0,0,6554.86
04-08-2022 12.00.00 AM,8200,SMC,,10515,SMC,NQH0035        ,0,0,0,0,0,0,0,0,0,0,0,0,0,0,6554.86
04-08-2022 12.00.00 AM,8200,SMC,,10515,SMC,NXW0225        ,0,0,0,0,0,0,0,0,0,0,0,0,0,0,35011.10
04-08-2022 12.00.00 AM,8200,SMC,,10515,SMC,NYH0413        ,0,0,0,0,0,0,0,0,0,0,0,0,0,0,163637.81
04-08-2022 12.00.00 AM,8200,SMC,,10515,SMC,NOA0521        ,0,0,0,0,0,0,0,0,0,0,0,0,0,0,194574
04-08-2022 12.00.00 AM,8200,SMC,,10515,SMC,NOA1194        ,0,0,0,0,0,0,0,0,0,0,0,0,0,0,261916.50
04-08-2022 12.00.00 AM,8200,SMC,,10515,SMC,NNO1021        ,0,0,0,0,0,0,0,0,0,0,0,0,0,0,32739.56
04-08-2022 12.00.00 AM,8200,SMC,,10515,SMC,NYB0575        ,0,0,0,0,0,0,0,0,0,0,0,0,0,0,1442039.06
04-08-2022 12.00.00 AM,8200,SMC,,10515,SMC,NOA0148        ,0,0,0,0,0,0,0,0,0,0,0,0,0,0,670509.25
04-08-2022 12.00.00 AM,8200,SMC,,10515,SMC,NTS01          ,0,0,0,0,0,0,0,0,0,0,0,0,0,0,98218.69
04-08-2022 12.00.00 AM,8200,SMC,,10515,SMC,56605          ,0,0,0,0,0,0,0,0,0,0,0,0,0,0,58474583.30
04-08-2022 12.00.00 AM,8200,SMC,,10515,SMC,29680          ,0,0,0,0,0,0,0,0,0,0,0,0,0,0,65479.13
04-08-2022 12.00.00 AM,8200,SMC,,10515,SMC,40195          ,0,0,0,0,0,0,0,0,0,0,0,0,0,0,162744.95
04-08-2022 12.00.00 AM,8200,SMC,,10515,SMC,46030          ,0,0,0,0,0,0,0,0,0,0,0,0,0,0,2121734.19
04-08-2022 12.00.00 AM,8200,SMC,,10515,SMC,NYB0204        ,0,0,0,0,0,0,0,0,0,0,0,0,0,0,239617.38
04-08-2022 12.00.00 AM,8200,SMC,,10515,SMC,21480          ,0,0,0,0,0,0,0,0,0,0,0,0,0,0,1161547.78
04-08-2022 12.00.00 AM,8200,SMC,,10515,SMC,56325          ,0,0,0,0,0,0,0,0,0,0,0,0,0,0,6949351.01
04-08-2022 12.00.00 AM,8200,SMC,,10515,SMC,16415          ,0,0,0,0,0,0,0,0,0,0,0,0,0,0,4209241.41
04-08-2022 12.00.00 AM,8200,SMC,,10515,SMC,10920          ,0,0,0,0,0,0,0,0,0,0,0,0,0,0,6409523.81
04-08-2022 12.00.00 AM,8200,SMC,,10515,SMC,12485          ,0,0,0,0,0,0,0,0,0,0,0,0,0,0,1139275
04-08-2022 12.00.00 AM,8200,SMC,,10515,SMC,NQH0007        ,0,0,0,0,0,0,0,0,0,0,0,0,0,0,81183.78
04-08-2022 12.00.00 AM,8200,SMC,,10515,SMC,NQN0990        ,0,0,0,0,0,0,0,0,0,0,0,0,0,0,52438.90
04-08-2022 12.00.00 AM,8200,SMC,,10515,SMC,ONA0009        ,0,0,0,0,0,0,0,0,0,0,0,0,0,0,32739.56
04-08-2022 12.00.00 AM,8200,SMC,,10515,SMC,ONA0014        ,0,0,0,0,0,0,0,0,0,0,0,0,0,0,47705.20
04-08-2022 12.00.00 AM,8200,SMC,,10515,SMC,OJV0182        ,0,0,0,0,0,0,0,0,0,0,0,0,0,0,20033.40
04-08-2022 12.00.00 AM,8200,SMC,,10515,SMC,OFF0261        ,0,0,0,0,0,0,0,0,0,0,0,0,0,0,39329.18
04-08-2022 12.00.00 AM,8200,SMC,,10515,SMC,ONA0031        ,0,0,0,0,0,0,0,0,0,0,0,0,0,0,1943125
04-08-2022 12.00.00 AM,8200,SMC,,10515,SMC,OBR0019        ,0,0,0,0,0,0,0,0,0,0,0,0,0,0,6554.86
04-08-2022 12.00.00 AM,8200,SMC,,10515,SMC,ONA0093        ,0,0,0,0,0,0,0,0,0,0,0,0,0,0,6554.86
04-08-2022 12.00.00 AM,8200,SMC,,10515,SMC,OFF0398        ,0,0,0,0,0,0,0,0,0,0,0,0,0,0,45849.29
04-08-2022 12.00.00 AM,8200,SMC,,10515,SMC,NVT0042        ,0,0,0,0,0,0,0,0,0,0,0,0,0,0,628157.44
04-08-2022 12.00.00 AM,8200,SMC,,10515,SMC,OJM0001        ,0,0,0,0,0,0,0,0,0,0,0,0,0,0,6554.86
04-08-2022 12.00.00 AM,8200,SMC,,10515,SMC,OPA0101        ,0,0,0,0,0,0,0,0,0,0,0,0,0,0,3808.18
04-08-2022 12.00.00 AM,8200,SMC,,10515,SMC,OPA0107        ,0,0,0,0,0,0,0,0,0,0,0,0,0,0,47705.20
04-08-2022 12.00.00 AM,8200,SMC,,10515,SMC,OPF0004        ,0,0,0,0,0,0,0,0,0,0,0,0,0,0,255335.94
04-08-2022 12.00.00 AM,8200,SMC,,10515,SMC,OEW0076        ,0,0,0,0,0,0,0,0,0,0,0,0,0,0,13355.60
04-08-2022 12.00.00 AM,8200,SMC,,10515,SMC,OFG1642        ,0,0,0,0,0,0,0,0,0,0,0,0,0,0,189212.40
04-08-2022 12.00.00 AM,8200,SMC,,10515,SMC,OFA0008        ,0,0,0,0,0,0,0,0,0,0,0,0,0,0,65548.63
04-08-2022 12.00.00 AM,8200,SMC,,10515,SMC,OKU0273        ,0,0,0,0,0,0,0,0,0,0,0,0,0,0,1897438.72
04-08-2022 12.00.00 AM,8200,SMC,,10515,SMC,OCL0032        ,0,0,0,0,0,0,0,0,0,0,0,0,0,0,32774.31
04-08-2022 12.00.00 AM,8200,SMC,,10515,SMC,OFV1027        ,0,0,0,0,0,0,0,0,0,0,0,0,0,0,130958.25
04-08-2022 12.00.00 AM,8200,SMC,,10515,SMC,OFG1706        ,0,0,0,0,0,0,0,0,0,0,0,0,0,0,3808.18
04-08-2022 12.00.00 AM,8200,SMC,,10515,SMC,OUD0076        ,0,0,0,0,0,0,0,0,0,0,0,0,0,0,6677.80
04-08-2022 12.00.00 AM,8200,SMC,,10515,SMC,OML0002        ,0,0,0,0,0,0,0,0,0,0,0,0,0,0,6554.86
04-08-2022 12.00.00 AM,8200,SMC,,10515,SMC,OFG1736        ,0,0,0,0,0,0,0,0,0,0,0,0,0,0,6554.86
04-08-2022 12.00.00 AM,8200,SMC,,10515,SMC,OFG1758        ,0,0,0,0,0,0,0,0,0,0,0,0,0,0,26219.45
04-08-2022 12.00.00 AM,8200,SMC,,10515,SMC,OPQ0034        ,0,0,0,0,0,0,0,0,0,0,0,0,0,0,453772.50
04-08-2022 12.00.00 AM,8200,SMC,,10515,SMC,OKM0029        ,0,0,0,0,0,0,0,0,0,0,0,0,0,0,19664.59
04-08-2022 12.00.00 AM,8200,SMC,,10515,SMC,OKM0035        ,0,0,0,0,0,0,0,0,0,0,0,0,0,0,65548.63
04-08-2022 12.00.00 AM,8200,SMC,,10515,SMC,OKM0041        ,0,0,0,0,0,0,0,0,0,0,0,0,0,0,52784.53
04-08-2022 12.00.00 AM,8200,SMC,,10515,SMC,ORX0009        ,0,0,0,0,0,0,0,0,0,0,0,0,0,0,13109.73
04-08-2022 12.00.00 AM,8200,SMC,,10515,SMC,OOH0009        ,0,0,0,0,0,0,0,0,0,0,0,0,0,0,128511.25
04-08-2022 12.00.00 AM,8200,SMC,,10515,SMC,OOH0065        ,0,0,0,0,0,0,0,0,0,0,0,0,0,0,6554.86
04-08-2022 12.00.00 AM,8200,SMC,,10515,SMC,OFG3083        ,0,0,0,0,0,0,0,0,0,0,0,0,0,0,39329.18
04-08-2022 12.00.00 AM,8200,SMC,,10515,SMC,OKM0076        ,0,0,0,0,0,0,0,0,0,0,0,0,0,0,19664.59
04-08-2022 12.00.00 AM,8200,SMC,,10515,SMC,ORX0068        ,0,0,0,0,0,0,0,0,0,0,0,0,0,0,43802.76
04-08-2022 12.00.00 AM,8200,SMC,,10515,SMC,ORX0070        ,0,0,0,0,0,0,0,0,0,0,0,0,0,0,13109.73
04-08-2022 12.00.00 AM,8200,SMC,,10515,SMC,ORX0073        ,0,0,0,0,0,0,0,0,0,0,0,0,0,0,170426.43
04-08-2022 12.00.00 AM,8200,SMC,,10515,SMC,ORX0077        ,0,0,0,0,0,0,0,0,0,0,0,0,0,0,6554.86
04-08-2022 12.00.00 AM,8200,SMC,,10515,SMC,OQE0017        ,0,0,0,0,0,0,0,0,0,0,0,0,0,0,33349.38
04-08-2022 12.00.00 AM,8200,SMC,,10515,SMC,OMO0135        ,0,0,0,0,0,0,0,0,0,0,0,0,0,0,32739.56
04-08-2022 12.00.00 AM,8200,SMC,,10515,SMC,ORX0083        ,0,0,0,0,0,0,0,0,0,0,0,0,0,0,32774.31
04-08-2022 12.00.00 AM,8200,SMC,,10515,SMC,OTH0008        ,0,0,0,0,0,0,0,0,0,0,0,0,0,0,39294.42
04-08-2022 12.00.00 AM,8200,SMC,,10515,SMC,OKU0062        ,0,0,0,0,0,0,0,0,0,0,0,0,0,0,40066.80
04-08-2022 12.00.00 AM,8200,SMC,,10515,SMC,OQE0128        ,0,0,0,0,0,0,0,0,0,0,0,0,0,0,65479.13
04-08-2022 12.00.00 AM,8200,SMC,,10515,SMC,OQE0171        ,0,0,0,0,0,0,0,0,0,0,0,0,0,0,32739.56
04-08-2022 12.00.00 AM,8200,SMC,,10515,SMC,A209           ,0,0,0,0,0,0,0,0,0,0,0,0,0,0,327639.10
04-08-2022 12.00.00 AM,8200,SMC,,10515,SMC,PA824          ,0,0,0,0,0,0,0,0,0,0,0,0,0,0,97984.38
04-08-2022 12.00.00 AM,8200,SMC,,10515,SMC,OWB0070        ,0,0,0,0,0,0,0,0,0,0,0,0,0,0,13109.73
04-08-2022 12.00.00 AM,8200,SMC,,10515,SMC,OZH0146        ,0,0,0,0,0,0,0,0,0,0,0,0,0,0,737765.88
04-08-2022 12.00.00 AM,8200,SMC,,10515,SMC,OFK0003        ,0,0,0,0,0,0,0,0,0,0,0,0,0,0,389148
04-08-2022 12.00.00 AM,8200,SMC,,10515,SMC,PB748          ,0,0,0,0,0,0,0,0,0,0,0,0,0,0,583722
04-08-2022 12.00.00 AM,8200,SMC,,10515,SMC,OWO0085        ,0,0,0,0,0,0,0,0,0,0,0,0,0,0,19664.59
04-08-2022 12.00.00 AM,8200,SMC,,10515,SMC,OWO0086        ,0,0,0,0,0,0,0,0,0,0,0,0,0,0,163048.92
04-08-2022 12.00.00 AM,8200,SMC,,10515,SMC,BUN07          ,0,0,0,0,0,0,0,0,0,0,0,0,0,0,13109.73
04-08-2022 12.00.00 AM,8200,SMC,,10515,SMC,EC1110         ,0,0,0,0,0,0,0,0,0,0,0,0,0,0,901214.63
04-08-2022 12.00.00 AM,8200,SMC,,10515,SMC,CRNUB          ,0,0,0,0,0,0,0,0,0,0,0,0,0,0,18936.30
04-08-2022 12.00.00 AM,8200,SMC,,10515,SMC,CU137          ,0,0,0,0,0,0,0,0,0,0,0,0,0,0,1668907.68
04-08-2022 12.00.00 AM,8200,SMC,,10515,SMC,EW246          ,0,0,0,0,0,0,0,0,0,0,0,0,0,0,26219.45
04-08-2022 12.00.00 AM,8200,SMC,,10515,SMC,KCR006         ,0,0,0,0,0,0,0,0,0,0,0,0,0,0,13109.73
04-08-2022 12.00.00 AM,8200,SMC,,10515,SMC,FC181          ,0,0,0,0,0,0,0,0,0,0,0,0,0,0,392874.75
04-08-2022 12.00.00 AM,8200,SMC,,10515,SMC,KIA77          ,0,0,0,0,0,0,0,0,0,0,0,0,0,0,65548.63
04-08-2022 12.00.00 AM,8200,SMC,,10515,SMC,HQ2606         ,0,0,0,0,0,0,0,0,0,0,0,0,0,0,26219.45
04-08-2022 12.00.00 AM,8200,SMC,,10515,SMC,JP61           ,0,0,0,0,0,0,0,0,0,0,0,0,0,0,65479.13
04-08-2022 12.00.00 AM,8200,SMC,,10515,SMC,GP029          ,0,0,0,0,0,0,0,0,0,0,0,0,0,0,389148
04-08-2022 12.00.00 AM,8200,SMC,,10515,SMC,LAN01          ,0,0,0,0,0,0,0,0,0,0,0,0,0,0,6554.86
04-08-2022 12.00.00 AM,8200,SMC,,10515,SMC,KI020          ,0,0,0,0,0,0,0,0,0,0,0,0,0,0,65479.13
04-08-2022 12.00.00 AM,8200,SMC,,10515,SMC,KCS065         ,0,0,0,0,0,0,0,0,0,0,0,0,0,0,163697.81
04-08-2022 12.00.00 AM,8200,SMC,,10515,SMC,KCS098         ,0,0,0,0,0,0,0,0,0,0,0,0,0,0,52438.90
04-08-2022 12.00.00 AM,8200,SMC,,10515,SMC,OD001          ,0,0,0,0,0,0,0,0,0,0,0,0,0,0,629784.69
04-08-2022 12.00.00 AM,8200,SMC,,10515,SMC,JH1601         ,0,0,0,0,0,0,0,0,0,0,0,0,0,0,58993.76
04-08-2022 12.00.00 AM,8200,SMC,,10515,SMC,MHA78          ,0,0,0,0,0,0,0,0,0,0,0,0,0,0,13109.73
04-08-2022 12.00.00 AM,8200,SMC,,10515,SMC,SUV22          ,0,0,0,0,0,0,0,0,0,0,0,0,0,0,389148
04-08-2022 12.00.00 AM,8200,SMC,,10515,SMC,TIS01          ,0,0,0,0,0,0,0,0,0,0,0,0,0,0,201181.52
04-08-2022 12.00.00 AM,8200,SMC,,10515,SMC,XPS843         ,0,0,0,0,0,0,0,0,0,0,0,0,0,0,26219.45
04-08-2022 12.00.00 AM,8200,SMC,,10515,SMC,NOH11          ,0,0,0,0,0,0,0,0,0,0,0,0,0,0,19664.59
04-08-2022 12.00.00 AM,8200,SMC,,10515,SMC,PM914          ,0,0,0,0,0,0,0,0,0,0,0,0,0,0,32774.31
04-08-2022 12.00.00 AM,8200,SMC,,10515,SMC,KUA26          ,0,0,0,0,0,0,0,0,0,0,0,0,0,0,255335.94
04-08-2022 12.00.00 AM,8200,SMC,,10515,SMC,KUA66          ,0,0,0,0,0,0,0,0,0,0,0,0,0,0,255335.94
04-08-2022 12.00.00 AM,8200,SMC,,10515,SMC,NGAG3          ,0,0,0,0,0,0,0,0,0,0,0,0,0,0,405300.83
04-08-2022 12.00.00 AM,8200,SMC,,10515,SMC,QAB            ,0,0,0,0,0,0,0,0,0,0,0,0,0,0,193808.24
04-08-2022 12.00.00 AM,8200,SMC,,10515,SMC,XS104          ,0,0,0,0,0,0,0,0,0,0,0,0,0,0,145056.25
04-08-2022 12.00.00 AM,8200,SMC,,10515,SMC,PS315          ,0,0,0,0,0,0,0,0,0,0,0,0,0,0,4288018.08
04-08-2022 12.00.00 AM,8200,SMC,,10515,SMC,SUA25          ,0,0,0,0,0,0,0,0,0,0,0,0,0,0,80444.76
04-08-2022 12.00.00 AM,8200,SMC,,10515,SMC,XS121          ,0,0,0,0,0,0,0,0,0,0,0,0,0,0,637106.91
04-08-2022 12.00.00 AM,8200,SMC,,10515,SMC,QSD0008        ,0,0,0,0,0,0,0,0,0,0,0,0,0,0,6554.86
04-08-2022 12.00.00 AM,8200,SMC,,10515,SMC,XV             ,0,0,0,0,0,0,0,0,0,0,0,0,0,0,26219.45
04-08-2022 12.00.00 AM,8200,SMC,,10515,SMC,TY021          ,0,0,0,0,0,0,0,0,0,0,0,0,0,0,32774.31
04-08-2022 12.00.00 AM,8200,SMC,,10515,SMC,T1084          ,0,0,0,0,0,0,0,0,0,0,0,0,0,0,13109.73
04-08-2022 12.00.00 AM,8200,SMC,,10515,SMC,QNQ0103        ,0,0,0,0,0,0,0,0,0,0,0,0,0,0,1439642.19
04-08-2022 12.00.00 AM,8200,SMC,,10515,SMC,QTI0004        ,0,0,0,0,0,0,0,0,0,0,0,0,0,0,6554.86
04-08-2022 12.00.00 AM,8200,SMC,,10515,SMC,56845          ,0,0,0,0,0,0,0,0,0,0,0,0,0,0,1986687.50
04-08-2022 12.00.00 AM,8200,SMC,,10515,SMC,35395          ,0,0,0,0,0,0,0,0,0,0,0,0,0,0,3919152.13
04-08-2022 12.00.00 AM,8200,SMC,,10515,SMC,10915          ,0,0,0,0,0,0,0,0,0,0,0,0,0,0,5494500.38
04-08-2022 12.00.00 AM,8200,SMC,,10515,SMC,QEG0002        ,0,0,0,0,0,0,0,0,0,0,0,0,0,0,198668.75
04-08-2022 12.00.00 AM,8200,SMC,,10515,SMC,QGU0395        ,0,0,0,0,0,0,0,0,0,0,0,0,0,0,13109.73
04-08-2022 12.00.00 AM,8200,SMC,,10515,SMC,16200          ,0,0,0,0,0,0,0,0,0,0,0,0,0,0,1110430.61
04-08-2022 12.00.00 AM,8200,SMC,,10515,SMC,12980          ,0,0,0,0,0,0,0,0,0,0,0,0,0,0,15088229.06
04-08-2022 12.00.00 AM,8200,SMC,,10515,SMC,45400          ,0,0,0,0,0,0,0,0,0,0,0,0,0,0,913880
04-08-2022 12.00.00 AM,8200,SMC,,10515,SMC,29975          ,0,0,0,0,0,0,0,0,0,0,0,0,0,0,941760.14
04-08-2022 12.00.00 AM,8200,SMC,,10515,SMC,NB01           ,0,0,0,0,0,0,0,0,0,0,0,0,0,0,452524.50
04-08-2022 12.00.00 AM,8200,SMC,,10515,SMC,XDJ            ,0,0,0,0,0,0,0,0,0,0,0,0,0,0,80534.34
04-08-2022 12.00.00 AM,8200,SMC,,10515,SMC,QBN0526        ,0,0,0,0,0,0,0,0,0,0,0,0,0,0,47705.20
04-08-2022 12.00.00 AM,8200,SMC,,10515,SMC,Z9002          ,0,0,0,0,0,0,0,0,0,0,0,0,0,0,226886.25
04-08-2022 12.00.00 AM,8200,SMC,,10515,SMC,QHV2070        ,0,0,0,0,0,0,0,0,0,0,0,0,0,0,47705.20
04-08-2022 12.00.00 AM,8200,SMC,,10515,SMC,QHV2071        ,0,0,0,0,0,0,0,0,0,0,0,0,0,0,47705.20
04-08-2022 12.00.00 AM,8200,SMC,,10515,SMC,QQU0018        ,0,0,0,0,0,0,0,0,0,0,0,0,0,0,11238.46
04-08-2022 12.00.00 AM,8200,SMC,,10515,SMC,QQU0024        ,0,0,0,0,0,0,0,0,0,0,0,0,0,0,6554.86
04-08-2022 12.00.00 AM,8200,SMC,,10515,SMC,QBO0014        ,0,0,0,0,0,0,0,0,0,0,0,0,0,0,3321515.38
04-08-2022 12.00.00 AM,8200,SMC,,10515,SMC,QDM0407        ,0,0,0,0,0,0,0,0,0,0,0,0,0,0,477712.75
04-08-2022 12.00.00 AM,8200,SMC,,10515,SMC,10515          ,0,0,0,0,0,0,0,0,0,0,0,0,0,0,282593716.90
04-08-2022 12.00.00 AM,8200,SMC,,10515,SMC,RBW0006        ,0,0,0,0,0,0,0,0,0,0,0,0,0,0,81075
04-08-2022 12.00.00 AM,8200,SMC,,10515,SMC,RMX0062        ,0,0,0,0,0,0,0,0,0,0,0,0,0,0,4560.66
04-08-2022 12.00.00 AM,8200,SMC,,10515,SMC,RMX0064        ,0,0,0,0,0,0,0,0,0,0,0,0,0,0,13109.73
04-08-2022 12.00.00 AM,8200,SMC,,10515,SMC,RMX0069        ,0,0,0,0,0,0,0,0,0,0,0,0,0,0,9121.33
04-08-2022 12.00.00 AM,8200,SMC,,10515,SMC,RML4859        ,0,0,0,0,0,0,0,0,0,0,0,0,0,0,26219.45
04-08-2022 12.00.00 AM,8200,SMC,,10515,SMC,RNN0611        ,0,0,0,0,0,0,0,0,0,0,0,0,0,0,40066.80
04-08-2022 12.00.00 AM,8200,SMC,,10515,SMC,RCO0004        ,0,0,0,0,0,0,0,0,0,0,0,0,0,0,6554.86
04-08-2022 12.00.00 AM,8200,SMC,,10515,SMC,REF0126        ,0,0,0,0,0,0,0,0,0,0,0,0,0,0,13109.73
04-08-2022 12.00.00 AM,8200,SMC,,10515,SMC,RML3697        ,0,0,0,0,0,0,0,0,0,0,0,0,0,0,26219.45
04-08-2022 12.00.00 AM,8200,SMC,,10515,SMC,RNN0308        ,0,0,0,0,0,0,0,0,0,0,0,0,0,0,1067535
04-08-2022 12.00.00 AM,8200,SMC,,10515,SMC,RNH0784        ,0,0,0,0,0,0,0,0,0,0,0,0,0,0,32739.56
04-08-2022 12.00.00 AM,8200,SMC,,10515,SMC,RGR0397        ,0,0,0,0,0,0,0,0,0,0,0,0,0,0,13109.73
04-08-2022 12.00.00 AM,8200,SMC,,10515,SMC,QVV0002        ,0,0,0,0,0,0,0,0,0,0,0,0,0,0,6554.86
04-08-2022 12.00.00 AM,8200,SMC,,10515,SMC,QVV0003        ,0,0,0,0,0,0,0,0,0,0,0,0,0,0,6554.86
04-08-2022 12.00.00 AM,8200,SMC,,10515,SMC,QVV0005        ,0,0,0,0,0,0,0,0,0,0,0,0,0,0,6554.86
04-08-2022 12.00.00 AM,8200,SMC,,10515,SMC,QVV0008        ,0,0,0,0,0,0,0,0,0,0,0,0,0,0,6554.86
04-08-2022 12.00.00 AM,8200,SMC,,10515,SMC,RGR0409        ,0,0,0,0,0,0,0,0,0,0,0,0,0,0,85631
04-08-2022 12.00.00 AM,8200,SMC,,10515,SMC,RFO0003        ,0,0,0,0,0,0,0,0,0,0,0,0,0,0,6554.86
04-08-2022 12.00.00 AM,8200,SMC,,10515,SMC,RFO0004        ,0,0,0,0,0,0,0,0,0,0,0,0,0,0,32739.56
04-08-2022 12.00.00 AM,8200,SMC,,10515,SMC,RFO0005        ,0,0,0,0,0,0,0,0,0,0,0,0,0,0,32739.56
04-08-2022 12.00.00 AM,8200,SMC,,10515,SMC,RFO0006        ,0,0,0,0,0,0,0,0,0,0,0,0,0,0,6554.86
04-08-2022 12.00.00 AM,8200,SMC,,10515,SMC,RHA0015        ,0,0,0,0,0,0,0,0,0,0,0,0,0,0,98218.69
04-08-2022 12.00.00 AM,8200,SMC,,10515,SMC,RDB0127        ,0,0,0,0,0,0,0,0,0,0,0,0,0,0,6554.86
04-08-2022 12.00.00 AM,8200,SMC,,10515,SMC,RGR0076        ,0,0,0,0,0,0,0,0,0,0,0,0,0,0,163871.56
04-08-2022 12.00.00 AM,8200,SMC,,10515,SMC,REE0307        ,0,0,0,0,0,0,0,0,0,0,0,0,0,0,225310
04-08-2022 12.00.00 AM,8200,SMC,,10515,SMC,RML7171        ,0,0,0,0,0,0,0,0,0,0,0,0,0,0,13355.60
04-08-2022 12.00.00 AM,8200,SMC,,10515,SMC,RAW0354        ,0,0,0,0,0,0,0,0,0,0,0,0,0,0,11238.46
04-08-2022 12.00.00 AM,8200,SMC,,10515,SMC,RMX0050        ,0,0,0,0,0,0,0,0,0,0,0,0,0,0,19664.59
04-08-2022 12.00.00 AM,8200,SMC,,10515,SMC,RTT0028        ,0,0,0,0,0,0,0,0,0,0,0,0,0,0,32739.56
04-08-2022 12.00.00 AM,8200,SMC,,10515,SMC,RTF0049        ,0,0,0,0,0,0,0,0,0,0,0,0,0,0,13232.66
04-08-2022 12.00.00 AM,8200,SMC,,10515,SMC,SAT1320        ,0,0,0,0,0,0,0,0,0,0,0,0,0,0,1241638.13
04-08-2022 12.00.00 AM,8200,SMC,,10515,SMC,RKK0002        ,0,0,0,0,0,0,0,0,0,0,0,0,0,0,2203237.45
04-08-2022 12.00.00 AM,8200,SMC,,10515,SMC,RQQ0588        ,0,0,0,0,0,0,0,0,0,0,0,0,0,0,13109.73
04-08-2022 12.00.00 AM,8200,SMC,,10515,SMC,RQQ1758        ,0,0,0,0,0,0,0,0,0,0,0,0,0,0,47705.20
04-08-2022 12.00.00 AM,8200,SMC,,10515,SMC,RQQ1768        ,0,0,0,0,0,0,0,0,0,0,0,0,0,0,13109.73
04-08-2022 12.00.00 AM,8200,SMC,,10515,SMC,RQQ0699        ,0,0,0,0,0,0,0,0,0,0,0,0,0,0,39329.18
04-08-2022 12.00.00 AM,8200,SMC,,10515,SMC,RNX0026        ,0,0,0,0,0,0,0,0,0,0,0,0,0,0,48135823.75
04-08-2022 12.00.00 AM,8200,SMC,,10515,SMC,RNX0080        ,0,0,0,0,0,0,0,0,0,0,0,0,0,0,74390444.14
04-08-2022 12.00.00 AM,8200,SMC,,10515,SMC,RTI0060        ,0,0,0,0,0,0,0,0,0,0,0,0,0,0,26219.45
04-08-2022 12.00.00 AM,8200,SMC,,10515,SMC,RQQ0751        ,0,0,0,0,0,0,0,0,0,0,0,0,0,0,6554.86
04-08-2022 12.00.00 AM,8200,SMC,,10515,SMC,RNX0124        ,0,0,0,0,0,0,0,0,0,0,0,0,0,0,389148
04-08-2022 12.00.00 AM,8200,SMC,,10515,SMC,RQQ2101        ,0,0,0,0,0,0,0,0,0,0,0,0,0,0,33143.13
04-08-2022 12.00.00 AM,8200,SMC,,10515,SMC,RUI0025        ,0,0,0,0,0,0,0,0,0,0,0,0,0,0,6001021.96
04-08-2022 12.00.00 AM,8200,SMC,,10515,SMC,RQQ1028        ,0,0,0,0,0,0,0,0,0,0,0,0,0,0,19664.59
04-08-2022 12.00.00 AM,8200,SMC,,10515,SMC,RQQ1164        ,0,0,0,0,0,0,0,0,0,0,0,0,0,0,6554.86
04-08-2022 12.00.00 AM,8200,SMC,,10515,SMC,RUI0134        ,0,0,0,0,0,0,0,0,0,0,0,0,0,0,32739.56
04-08-2022 12.00.00 AM,8200,SMC,,10515,SMC,RUI0171        ,0,0,0,0,0,0,0,0,0,0,0,0,0,0,95410.40
04-08-2022 12.00.00 AM,8200,SMC,,10515,SMC,RQQ0169        ,0,0,0,0,0,0,0,0,0,0,0,0,0,0,19664.59
04-08-2022 12.00.00 AM,8200,SMC,,10515,SMC,RQQ0185        ,0,0,0,0,0,0,0,0,0,0,0,0,0,0,6554.86
04-08-2022 12.00.00 AM,8200,SMC,,10515,SMC,RNN0539        ,0,0,0,0,0,0,0,0,0,0,0,0,0,0,110537.95
04-08-2022 12.00.00 AM,8200,SMC,,10515,SMC,RML9329        ,0,0,0,0,0,0,0,0,0,0,0,0,0,0,6554.86
04-08-2022 12.00.00 AM,8200,SMC,,10515,SMC,RUI0326        ,0,0,0,0,0,0,0,0,0,0,0,0,0,0,346231.25
04-08-2022 12.00.00 AM,8200,SMC,,10515,SMC,RRK0011        ,0,0,0,0,0,0,0,0,0,0,0,0,0,0,19664.59
04-08-2022 12.00.00 AM,8200,SMC,,10515,SMC,RUP0016        ,0,0,0,0,0,0,0,0,0,0,0,0,0,0,45884.04
04-08-2022 12.00.00 AM,8200,SMC,,10515,SMC,RQQ1616        ,0,0,0,0,0,0,0,0,0,0,0,0,0,0,13109.73
04-08-2022 12.00.00 AM,8200,SMC,,10515,SMC,RBJ0357        ,0,0,0,0,0,0,0,0,0,0,0,0,0,0,13109.73
04-08-2022 12.00.00 AM,8200,SMC,,10515,SMC,RTO0120        ,0,0,0,0,0,0,0,0,0,0,0,0,0,0,26342.39
04-08-2022 12.00.00 AM,8200,SMC,,10515,SMC,SPI0005        ,0,0,0,0,0,0,0,0,0,0,0,0,0,0,255335.94
04-08-2022 12.00.00 AM,8200,SMC,,10515,SMC,SSB0445        ,0,0,0,0,0,0,0,0,0,0,0,0,0,0,19664.59
04-08-2022 12.00.00 AM,8200,SMC,,10515,SMC,SSB1705        ,0,0,0,0,0,0,0,0,0,0,0,0,0,0,13109.73
04-08-2022 12.00.00 AM,8200,SMC,,10515,SMC,SMP0013        ,0,0,0,0,0,0,0,0,0,0,0,0,0,0,140799.88
04-08-2022 12.00.00 AM,8200,SMC,,10515,SMC,SSB0647        ,0,0,0,0,0,0,0,0,0,0,0,0,0,0,227313.56
04-08-2022 12.00.00 AM,8200,SMC,,10515,SMC,SSB0840        ,0,0,0,0,0,0,0,0,0,0,0,0,0,0,13109.73
04-08-2022 12.00.00 AM,8200,SMC,,10515,SMC,SQX0028        ,0,0,0,0,0,0,0,0,0,0,0,0,0,0,198668.75
04-08-2022 12.00.00 AM,8200,SMC,,10515,SMC,SSB0893        ,0,0,0,0,0,0,0,0,0,0,0,0,0,0,226886.25
04-08-2022 12.00.00 AM,8200,SMC,,10515,SMC,TIP0010        ,0,0,0,0,0,0,0,0,0,0,0,0,0,0,6554.86
04-08-2022 12.00.00 AM,8200,SMC,,10515,SMC,TYD0023        ,0,0,0,0,0,0,0,0,0,0,0,0,0,0,6554.86
04-08-2022 12.00.00 AM,8200,SMC,,10515,SMC,TIP0028        ,0,0,0,0,0,0,0,0,0,0,0,0,0,0,236515.50
04-08-2022 12.00.00 AM,8200,SMC,,10515,SMC,TIP0037        ,0,0,0,0,0,0,0,0,0,0,0,0,0,0,47303.10
04-08-2022 12.00.00 AM,8200,SMC,,10515,SMC,TIP0060        ,0,0,0,0,0,0,0,0,0,0,0,0,0,0,140034.01
04-08-2022 12.00.00 AM,8200,SMC,,10515,SMC,TIP0090        ,0,0,0,0,0,0,0,0,0,0,0,0,0,0,141909.30
04-08-2022 12.00.00 AM,8200,SMC,,10515,SMC,TIP0113        ,0,0,0,0,0,0,0,0,0,0,0,0,0,0,26219.45
04-08-2022 12.00.00 AM,8200,SMC,,10515,SMC,TWM0027        ,0,0,0,0,0,0,0,0,0,0,0,0,0,0,6677.80
04-08-2022 12.00.00 AM,8200,SMC,,10515,SMC,TIP0144        ,0,0,0,0,0,0,0,0,0,0,0,0,0,0,3787.26
04-08-2022 12.00.00 AM,8200,SMC,,10515,SMC,TBY0002        ,0,0,0,0,0,0,0,0,0,0,0,0,0,0,98218.69
04-08-2022 12.00.00 AM,8200,SMC,,10515,SMC,TGM0114        ,0,0,0,0,0,0,0,0,0,0,0,0,0,0,147562.50
04-08-2022 12.00.00 AM,8200,SMC,,10515,SMC,TIP0210        ,0,0,0,0,0,0,0,0,0,0,0,0,0,0,94606.20
04-08-2022 12.00.00 AM,8200,SMC,,10515,SMC,SXR0029        ,0,0,0,0,0,0,0,0,0,0,0,0,0,0,95410.40
04-08-2022 12.00.00 AM,8200,SMC,,10515,SMC,SXR0031        ,0,0,0,0,0,0,0,0,0,0,0,0,0,0,97984.38
04-08-2022 12.00.00 AM,8200,SMC,,10515,SMC,TIP0239        ,0,0,0,0,0,0,0,0,0,0,0,0,0,0,473031
04-08-2022 12.00.00 AM,8200,SMC,,10515,SMC,TIP0240        ,0,0,0,0,0,0,0,0,0,0,0,0,0,0,10895.53
04-08-2022 12.00.00 AM,8200,SMC,,10515,SMC,STU0001        ,0,0,0,0,0,0,0,0,0,0,0,0,0,0,6790.38
04-08-2022 12.00.00 AM,8200,SMC,,10515,SMC,STU0004        ,0,0,0,0,0,0,0,0,0,0,0,0,0,0,6790.38
04-08-2022 12.00.00 AM,8200,SMC,,10515,SMC,TGM0175        ,0,0,0,0,0,0,0,0,0,0,0,0,0,0,72103.49
04-08-2022 12.00.00 AM,8200,SMC,,10515,SMC,TIP0267        ,0,0,0,0,0,0,0,0,0,0,0,0,0,0,756849.60
04-08-2022 12.00.00 AM,8200,SMC,,10515,SMC,SWV0048        ,0,0,0,0,0,0,0,0,0,0,0,0,0,0,11995747.50
04-08-2022 12.00.00 AM,8200,SMC,,10515,SMC,SND0001        ,0,0,0,0,0,0,0,0,0,0,0,0,0,0,983111.08
04-08-2022 12.00.00 AM,8200,SMC,,10515,SMC,SXR0100        ,0,0,0,0,0,0,0,0,0,0,0,0,0,0,6554.86
04-08-2022 12.00.00 AM,8200,SMC,,10515,SMC,TIP0305        ,0,0,0,0,0,0,0,0,0,0,0,0,0,0,567637.20
04-08-2022 12.00.00 AM,8200,SMC,,10515,SMC,TIP0306        ,0,0,0,0,0,0,0,0,0,0,0,0,0,0,6554.86
04-08-2022 12.00.00 AM,8200,SMC,,10515,SMC,TCL0001        ,0,0,0,0,0,0,0,0,0,0,0,0,0,0,583722
04-08-2022 12.00.00 AM,8200,SMC,,10515,SMC,TBJ1442        ,0,0,0,0,0,0,0,0,0,0,0,0,0,0,191993.24
04-08-2022 12.00.00 AM,8200,SMC,,10515,SMC,SXY0531        ,0,0,0,0,0,0,0,0,0,0,0,0,0,0,47705.20
04-08-2022 12.00.00 AM,8200,SMC,,10515,SMC,TIP0323        ,0,0,0,0,0,0,0,0,0,0,0,0,0,0,5676372
04-08-2022 12.00.00 AM,8200,SMC,,10515,SMC,TIP0324        ,0,0,0,0,0,0,0,0,0,0,0,0,0,0,5392553.40
04-08-2022 12.00.00 AM,8200,SMC,,10515,SMC,SND0082        ,0,0,0,0,0,0,0,0,0,0,0,0,0,0,13109.73
04-08-2022 12.00.00 AM,8200,SMC,,10515,SMC,STU0155        ,0,0,0,0,0,0,0,0,0,0,0,0,0,0,11513.61
04-08-2022 12.00.00 AM,8200,SMC,,10515,SMC,TBJ2127        ,0,0,0,0,0,0,0,0,0,0,0,0,0,0,13109.73
04-08-2022 12.00.00 AM,8200,SMC,,10515,SMC,TBJ1604        ,0,0,0,0,0,0,0,0,0,0,0,0,0,0,13109.73
04-08-2022 12.00.00 AM,8200,SMC,,10515,SMC,SSB1360        ,0,0,0,0,0,0,0,0,0,0,0,0,0,0,226886.25
04-08-2022 12.00.00 AM,8200,SMC,,10515,SMC,SXX0062        ,0,0,0,0,0,0,0,0,0,0,0,0,0,0,828221.25
04-08-2022 12.00.00 AM,8200,SMC,,10515,SMC,SXX0063        ,0,0,0,0,0,0,0,0,0,0,0,0,0,0,226886.25
04-08-2022 12.00.00 AM,8200,SMC,,10515,SMC,SSB1478        ,0,0,0,0,0,0,0,0,0,0,0,0,0,0,13109.73
04-08-2022 12.00.00 AM,8200,SMC,,10515,SMC,SPE0062        ,0,0,0,0,0,0,0,0,0,0,0,0,0,0,6554.86
04-08-2022 12.00.00 AM,8200,SMC,,10515,SMC,TTZ0039        ,0,0,0,0,0,0,0,0,0,0,0,0,0,0,95589.55
04-08-2022 12.00.00 AM,8200,SMC,,10515,SMC,TNG0163        ,0,0,0,0,0,0,0,0,0,0,0,0,0,0,453772.50
04-08-2022 12.00.00 AM,8200,SMC,,10515,SMC,TIP0009        ,0,0,0,0,0,0,0,0,0,0,0,0,0,0,6395159.70
04-08-2022 12.00.00 AM,8200,SMC,,10515,SMC,TQF0184        ,0,0,0,0,0,0,0,0,0,0,0,0,0,0,189860.20
04-08-2022 12.00.00 AM,8200,SMC,,10515,SMC,TVA0004        ,0,0,0,0,0,0,0,0,0,0,0,0,0,0,3818.04
04-08-2022 12.00.00 AM,8200,SMC,,10515,SMC,TYD0150        ,0,0,0,0,0,0,0,0,0,0,0,0,0,0,6677.80
04-08-2022 12.00.00 AM,8200,SMC,,10515,SMC,TBJ0646        ,0,0,0,0,0,0,0,0,0,0,0,0,0,0,13109.73
04-08-2022 12.00.00 AM,8200,SMC,,10515,SMC,TMV0187        ,0,0,0,0,0,0,0,0,0,0,0,0,0,0,194574
04-08-2022 12.00.00 AM,8200,SMC,,10515,SMC,TDP0005        ,0,0,0,0,0,0,0,0,0,0,0,0,0,0,6554.86
04-08-2022 12.00.00 AM,8200,SMC,,10515,SMC,SUM0371        ,0,0,0,0,0,0,0,0,0,0,0,0,0,0,5158627.50
04-08-2022 12.00.00 AM,8200,SMC,,10515,SMC,SUM0465        ,0,0,0,0,0,0,0,0,0,0,0,0,0,0,32739.56
04-08-2022 12.00.00 AM,8200,SMC,,10515,SMC,UAM0101        ,0,0,0,0,0,0,0,0,0,0,0,0,0,0,22771.94
04-08-2022 12.00.00 AM,8200,SMC,,10515,SMC,UUO0001        ,0,0,0,0,0,0,0,0,0,0,0,0,0,0,1140294.56
04-08-2022 12.00.00 AM,8200,SMC,,10515,SMC,UIM3123        ,0,0,0,0,0,0,0,0,0,0,0,0,0,0,131097.25
04-08-2022 12.00.00 AM,8200,SMC,,10515,SMC,UEY0001        ,0,0,0,0,0,0,0,0,0,0,0,0,0,0,237670.65
04-08-2022 12.00.00 AM,8200,SMC,,10515,SMC,TBJ0310        ,0,0,0,0,0,0,0,0,0,0,0,0,0,0,6554.86
04-08-2022 12.00.00 AM,8200,SMC,,10515,SMC,TBJ1698        ,0,0,0,0,0,0,0,0,0,0,0,0,0,0,6554.86
04-08-2022 12.00.00 AM,8200,SMC,,10515,SMC,VGJ0021        ,0,0,0,0,0,0,0,0,0,0,0,0,0,0,3808.18
04-08-2022 12.00.00 AM,8200,SMC,,10515,SMC,VGJ0022        ,0,0,0,0,0,0,0,0,0,0,0,0,0,0,3808.18
04-08-2022 12.00.00 AM,8200,SMC,,10515,SMC,VGJ0023        ,0,0,0,0,0,0,0,0,0,0,0,0,0,0,6554.86
04-08-2022 12.00.00 AM,8200,SMC,,10515,SMC,VGJ0031        ,0,0,0,0,0,0,0,0,0,0,0,0,0,0,3808.18
04-08-2022 12.00.00 AM,8200,SMC,,10515,SMC,VGJ0036        ,0,0,0,0,0,0,0,0,0,0,0,0,0,0,3808.18
04-08-2022 12.00.00 AM,8200,SMC,,10515,SMC,VGJ0039        ,0,0,0,0,0,0,0,0,0,0,0,0,0,0,3808.18
04-08-2022 12.00.00 AM,8200,SMC,,10515,SMC,UNV0001        ,0,0,0,0,0,0,0,0,0,0,0,0,0,0,194574
04-08-2022 12.00.00 AM,8200,SMC,,10515,SMC,UZG0016        ,0,0,0,0,0,0,0,0,0,0,0,0,0,0,6554.86
04-08-2022 12.00.00 AM,8200,SMC,,10515,SMC,VTD0010        ,0,0,0,0,0,0,0,0,0,0,0,0,0,0,255335.94
04-08-2022 12.00.00 AM,8200,SMC,,10515,SMC,UOM0006        ,0,0,0,0,0,0,0,0,0,0,0,0,0,0,147562.50
04-08-2022 12.00.00 AM,8200,SMC,,10515,SMC,UZP0037        ,0,0,0,0,0,0,0,0,0,0,0,0,0,0,98218.69
04-08-2022 12.00.00 AM,8200,SMC,,10515,SMC,UXW0173        ,0,0,0,0,0,0,0,0,0,0,0,0,0,0,147562.50
04-08-2022 12.00.00 AM,8200,SMC,,10515,SMC,UXW0175        ,0,0,0,0,0,0,0,0,0,0,0,0,0,0,6554.86
04-08-2022 12.00.00 AM,8200,SMC,,10515,SMC,UKC0004        ,0,0,0,0,0,0,0,0,0,0,0,0,0,0,32739.56
04-08-2022 12.00.00 AM,8200,SMC,,10515,SMC,WAY0018        ,0,0,0,0,0,0,0,0,0,0,0,0,0,0,1208775.56
04-08-2022 12.00.00 AM,8200,SMC,,10515,SMC,UBM0071        ,0,0,0,0,0,0,0,0,0,0,0,0,0,0,510671.88
04-08-2022 12.00.00 AM,8200,SMC,,10515,SMC,UXY0020        ,0,0,0,0,0,0,0,0,0,0,0,0,0,0,260053.13
04-08-2022 12.00.00 AM,8200,SMC,,10515,SMC,VUF0002        ,0,0,0,0,0,0,0,0,0,0,0,0,0,0,133397.50
04-08-2022 12.00.00 AM,8200,SMC,,10515,SMC,VOS0079        ,0,0,0,0,0,0,0,0,0,0,0,0,0,0,98218.69
04-08-2022 12.00.00 AM,8200,SMC,,10515,SMC,VLZ0039        ,0,0,0,0,0,0,0,0,0,0,0,0,0,0,65479.13
04-08-2022 12.00.00 AM,8200,SMC,,10515,SMC,XGP0124        ,0,0,0,0,0,0,0,0,0,0,0,0,0,0,2951250
04-08-2022 12.00.00 AM,8200,SMC,,10515,SMC,VGJ0048        ,0,0,0,0,0,0,0,0,0,0,0,0,0,0,3808.18
04-08-2022 12.00.00 AM,8200,SMC,,10515,SMC,VGJ0058        ,0,0,0,0,0,0,0,0,0,0,0,0,0,0,3808.18
04-08-2022 12.00.00 AM,8200,SMC,,10515,SMC,VJU0071        ,0,0,0,0,0,0,0,0,0,0,0,0,0,0,59854.33
04-08-2022 12.00.00 AM,8200,SMC,,10515,SMC,VGJ0078        ,0,0,0,0,0,0,0,0,0,0,0,0,0,0,10363.04
04-08-2022 12.00.00 AM,8200,SMC,,10515,SMC,VGJ0079        ,0,0,0,0,0,0,0,0,0,0,0,0,0,0,10363.04
04-08-2022 12.00.00 AM,8200,SMC,,10515,SMC,VGJ0082        ,0,0,0,0,0,0,0,0,0,0,0,0,0,0,3808.18
04-08-2022 12.00.00 AM,8200,SMC,,10515,SMC,VGJ0087        ,0,0,0,0,0,0,0,0,0,0,0,0,0,0,3808.18
04-08-2022 12.00.00 AM,8200,SMC,,10515,SMC,VQF0002        ,0,0,0,0,0,0,0,0,0,0,0,0,0,0,47303.10
04-08-2022 12.00.00 AM,8200,SMC,,10515,SMC,VMD0010        ,0,0,0,0,0,0,0,0,0,0,0,0,0,0,26219.45
04-08-2022 12.00.00 AM,8200,SMC,,10515,SMC,VOS0218        ,0,0,0,0,0,0,0,0,0,0,0,0,0,0,26219.45
04-08-2022 12.00.00 AM,8200,SMC,,10515,SMC,VRB0006        ,0,0,0,0,0,0,0,0,0,0,0,0,0,0,65479.13
04-08-2022 12.00.00 AM,8200,SMC,,10515,SMC,VEJ0004        ,0,0,0,0,0,0,0,0,0,0,0,0,0,0,13355.60
04-08-2022 12.00.00 AM,8200,SMC,,10515,SMC,UYJ0001        ,0,0,0,0,0,0,0,0,0,0,0,0,0,0,301967.30
04-08-2022 12.00.00 AM,8200,SMC,,10515,SMC,VYU0388        ,0,0,0,0,0,0,0,0,0,0,0,0,0,0,487504.50
04-08-2022 12.00.00 AM,8200,SMC,,10515,SMC,VEU0004        ,0,0,0,0,0,0,0,0,0,0,0,0,0,0,26219.45
04-08-2022 12.00.00 AM,8200,SMC,,10515,SMC,VWU0001        ,0,0,0,0,0,0,0,0,0,0,0,0,0,0,688260.56
04-08-2022 12.00.00 AM,8200,SMC,,10515,SMC,XAA1544        ,0,0,0,0,0,0,0,0,0,0,0,0,0,0,198408.75
04-08-2022 12.00.00 AM,8200,SMC,,10515,SMC,VRB0153        ,0,0,0,0,0,0,0,0,0,0,0,0,0,0,208594.73
04-08-2022 12.00.00 AM,8200,SMC,,10515,SMC,DO002          ,0,0,0,0,0,0,0,0,0,0,0,0,0,0,32739.56
04-08-2022 12.00.00 AM,8200,SMC,,10515,SMC,WRH0021        ,0,0,0,0,0,0,0,0,0,0,0,0,0,0,6554.86
04-08-2022 12.00.00 AM,8200,SMC,,10515,SMC,UXW0202        ,0,0,0,0,0,0,0,0,0,0,0,0,0,0,65479.13
04-08-2022 12.00.00 AM,8200,SMC,,10515,SMC,UXW0205        ,0,0,0,0,0,0,0,0,0,0,0,0,0,0,32739.56
04-08-2022 12.00.00 AM,8200,SMC,,10515,SMC,UXW0231        ,0,0,0,0,0,0,0,0,0,0,0,0,0,0,180302.06
04-08-2022 12.00.00 AM,8200,SMC,,10515,SMC,UXW0261        ,0,0,0,0,0,0,0,0,0,0,0,0,0,0,6554.86
04-08-2022 12.00.00 AM,8200,SMC,,10515,SMC,UXW0298        ,0,0,0,0,0,0,0,0,0,0,0,0,0,0,268315.25
04-08-2022 12.00.00 AM,8200,SMC,,10515,SMC,VQA0087        ,0,0,0,0,0,0,0,0,0,0,0,0,0,0,510671.88
04-08-2022 12.00.00 AM,8200,SMC,,10515,SMC,VOS0021        ,0,0,0,0,0,0,0,0,0,0,0,0,0,0,65479.13
04-08-2022 12.00.00 AM,8200,SMC,,10515,SMC,WKV0034        ,0,0,0,0,0,0,0,0,0,0,0,0,0,0,132177.88
04-08-2022 12.00.00 AM,8200,SMC,,10515,SMC,XAA1401        ,0,0,0,0,0,0,0,0,0,0,0,0,0,0,396817.50
04-08-2022 12.00.00 AM,8200,SMC,,10515,SMC,WNP0549        ,0,0,0,0,0,0,0,0,0,0,0,0,0,0,122406.17
04-08-2022 12.00.00 AM,8200,SMC,,10515,SMC,XRU0011        ,0,0,0,0,0,0,0,0,0,0,0,0,0,0,6554.86
04-08-2022 12.00.00 AM,8200,SMC,,10515,SMC,XRV0014        ,0,0,0,0,0,0,0,0,0,0,0,0,0,0,198378.75
04-08-2022 12.00.00 AM,8200,SMC,,10515,SMC,WPD0029        ,0,0,0,0,0,0,0,0,0,0,0,0,0,0,421460.25
04-08-2022 12.00.00 AM,8200,SMC,,10515,SMC,XVE0010        ,0,0,0,0,0,0,0,0,0,0,0,0,0,0,6554.86
04-08-2022 12.00.00 AM,8200,SMC,,10515,SMC,WIE0010        ,0,0,0,0,0,0,0,0,0,0,0,0,0,0,13109.73
04-08-2022 12.00.00 AM,8200,SMC,,10515,SMC,XSA0012        ,0,0,0,0,0,0,0,0,0,0,0,0,0,0,26219.45
04-08-2022 12.00.00 AM,8200,SMC,,10515,SMC,XSA0019        ,0,0,0,0,0,0,0,0,0,0,0,0,0,0,19664.59
04-08-2022 12.00.00 AM,8200,SMC,,10515,SMC,XSA0020        ,0,0,0,0,0,0,0,0,0,0,0,0,0,0,13109.73
04-08-2022 12.00.00 AM,8200,SMC,,10515,SMC,XSA0021        ,0,0,0,0,0,0,0,0,0,0,0,0,0,0,98218.69
04-08-2022 12.00.00 AM,8200,SMC,,10515,SMC,WZE0038        ,0,0,0,0,0,0,0,0,0,0,0,0,0,0,39452.11
04-08-2022 12.00.00 AM,8200,SMC,,10515,SMC,XYK0010        ,0,0,0,0,0,0,0,0,0,0,0,0,0,0,32774.31
04-08-2022 12.00.00 AM,8200,SMC,,10515,SMC,WJB0035        ,0,0,0,0,0,0,0,0,0,0,0,0,0,0,56887.83
04-08-2022 12.00.00 AM,8200,SMC,,10515,SMC,XHK0075        ,0,0,0,0,0,0,0,0,0,0,0,0,0,0,52438.90
04-08-2022 12.00.00 AM,8200,SMC,,10515,SMC,XHK0124        ,0,0,0,0,0,0,0,0,0,0,0,0,0,0,65479.13
04-08-2022 12.00.00 AM,8200,SMC,,10515,SMC,XAA1111        ,0,0,0,0,0,0,0,0,0,0,0,0,0,0,198408.75
04-08-2022 12.00.00 AM,8200,SMC,,10515,SMC,XAA1119        ,0,0,0,0,0,0,0,0,0,0,0,0,0,0,587556.75
04-08-2022 12.00.00 AM,8200,SMC,,10515,SMC,XAA1120        ,0,0,0,0,0,0,0,0,0,0,0,0,0,0,389148
04-08-2022 12.00.00 AM,8200,SMC,,10515,SMC,WTD0025        ,0,0,0,0,0,0,0,0,0,0,0,0,0,0,327395.63
04-08-2022 12.00.00 AM,8200,SMC,,10515,SMC,WTD0033        ,0,0,0,0,0,0,0,0,0,0,0,0,0,0,327395.63
04-08-2022 12.00.00 AM,8200,SMC,,10515,SMC,YFX0025        ,0,0,0,0,0,0,0,0,0,0,0,0,0,0,6554.86
04-08-2022 12.00.00 AM,8200,SMC,,10515,SMC,WOM0057        ,0,0,0,0,0,0,0,0,0,0,0,0,0,0,255335.94
04-08-2022 12.00.00 AM,8200,SMC,,10515,SMC,WOM0060        ,0,0,0,0,0,0,0,0,0,0,0,0,0,0,32739.56
04-08-2022 12.00.00 AM,8200,SMC,,10515,SMC,XKK0240        ,0,0,0,0,0,0,0,0,0,0,0,0,0,0,4560.66
04-08-2022 12.00.00 AM,8200,SMC,,10515,SMC,XFB0044        ,0,0,0,0,0,0,0,0,0,0,0,0,0,0,32774.31
04-08-2022 12.00.00 AM,8200,SMC,,10515,SMC,XAA1238        ,0,0,0,0,0,0,0,0,0,0,0,0,0,0,595226.25
04-08-2022 12.00.00 AM,8200,SMC,,10515,SMC,XLU0036        ,0,0,0,0,0,0,0,0,0,0,0,0,0,0,13109.73
04-08-2022 12.00.00 AM,8200,SMC,,10515,SMC,XNX0034        ,0,0,0,0,0,0,0,0,0,0,0,0,0,0,397337.50
04-08-2022 12.00.00 AM,8200,SMC,,10515,SMC,YAT0006        ,0,0,0,0,0,0,0,0,0,0,0,0,0,0,65479.13
04-08-2022 12.00.00 AM,8200,SMC,,10515,SMC,YVC0019        ,0,0,0,0,0,0,0,0,0,0,0,0,0,0,19910.46
04-08-2022 12.00.00 AM,8200,SMC,,10515,SMC,YVC0059        ,0,0,0,0,0,0,0,0,0,0,0,0,0,0,19664.59
04-08-2022 12.00.00 AM,8200,SMC,,10515,SMC,YGC0005        ,0,0,0,0,0,0,0,0,0,0,0,0,0,0,40066.80
04-08-2022 12.00.00 AM,8200,SMC,,10515,SMC,XJX0041        ,0,0,0,0,0,0,0,0,0,0,0,0,0,0,255335.94
04-08-2022 12.00.00 AM,8200,SMC,,10515,SMC,XJX0052        ,0,0,0,0,0,0,0,0,0,0,0,0,0,0,1100921.88
04-08-2022 12.00.00 AM,8200,SMC,,10515,SMC,XJX0056        ,0,0,0,0,0,0,0,0,0,0,0,0,0,0,6554.86
04-08-2022 12.00.00 AM,8200,SMC,,10515,SMC,XJX0057        ,0,0,0,0,0,0,0,0,0,0,0,0,0,0,6554.86
04-08-2022 12.00.00 AM,8200,SMC,,10515,SMC,YDQ0061        ,0,0,0,0,0,0,0,0,0,0,0,0,0,0,194574
04-08-2022 12.00.00 AM,8200,SMC,,10515,SMC,XST0005        ,0,0,0,0,0,0,0,0,0,0,0,0,0,0,346231.25
04-08-2022 12.00.00 AM,8200,SMC,,10515,SMC,XNT0412        ,0,0,0,0,0,0,0,0,0,0,0,0,0,0,52438.90
04-08-2022 12.00.00 AM,8200,SMC,,10515,SMC,XNL0167        ,0,0,0,0,0,0,0,0,0,0,0,0,0,0,58201.04
04-08-2022 12.00.00 AM,8200,SMC,,10515,SMC,XLK0005        ,0,0,0,0,0,0,0,0,0,0,0,0,0,0,32774.31
04-08-2022 12.00.00 AM,8200,SMC,,10515,SMC,XLK0008        ,0,0,0,0,0,0,0,0,0,0,0,0,0,0,170426.43
04-08-2022 12.00.00 AM,8200,SMC,,10515,SMC,XLK0011        ,0,0,0,0,0,0,0,0,0,0,0,0,0,0,79764.79
04-08-2022 12.00.00 AM,8200,SMC,,10515,SMC,XLK0018        ,0,0,0,0,0,0,0,0,0,0,0,0,0,0,156225.33
04-08-2022 12.00.00 AM,8200,SMC,,10515,SMC,XNL0223        ,0,0,0,0,0,0,0,0,0,0,0,0,0,0,806134.50
04-08-2022 12.00.00 AM,8200,SMC,,10515,SMC,YHU0050        ,0,0,0,0,0,0,0,0,0,0,0,0,0,0,195968.75
04-08-2022 12.00.00 AM,8200,SMC,,10515,SMC,YHU0065        ,0,0,0,0,0,0,0,0,0,0,0,0,0,0,19664.59
04-08-2022 12.00.00 AM,8200,SMC,,10515,SMC,YHU0070        ,0,0,0,0,0,0,0,0,0,0,0,0,0,0,97984.38
04-08-2022 12.00.00 AM,8200,SMC,,10515,SMC,YHU0075        ,0,0,0,0,0,0,0,0,0,0,0,0,0,0,97984.38
04-08-2022 12.00.00 AM,8200,SMC,,10515,SMC,YHU0080        ,0,0,0,0,0,0,0,0,0,0,0,0,0,0,97984.38
04-08-2022 12.00.00 AM,8200,SMC,,10515,SMC,XMO0002        ,0,0,0,0,0,0,0,0,0,0,0,0,0,0,6554.86
04-08-2022 12.00.00 AM,8200,SMC,,10515,SMC,XMP0003        ,0,0,0,0,0,0,0,0,0,0,0,0,0,0,194574
04-08-2022 12.00.00 AM,8200,SMC,,10515,SMC,YEB0008        ,0,0,0,0,0,0,0,0,0,0,0,0,0,0,6524.86
04-08-2022 12.00.00 AM,8200,SMC,,10515,SMC,YED0002        ,0,0,0,0,0,0,0,0,0,0,0,0,0,0,290436.83
04-08-2022 12.00.00 AM,8200,SMC,,10515,SMC,YED0013        ,0,0,0,0,0,0,0,0,0,0,0,0,0,0,195968.75
04-08-2022 12.00.00 AM,8200,SMC,,10515,SMC,YHZ0003        ,0,0,0,0,0,0,0,0,0,0,0,0,0,0,429346.80
04-08-2022 12.00.00 AM,8200,SMC,,10515,SMC,YHZ0011        ,0,0,0,0,0,0,0,0,0,0,0,0,0,0,47705.20
04-08-2022 12.00.00 AM,8200,SMC,,10515,SMC,XOE0075        ,0,0,0,0,0,0,0,0,0,0,0,0,0,0,47705.20
04-08-2022 12.00.00 AM,8200,SMC,,10515,SMC,XMW0043        ,0,0,0,0,0,0,0,0,0,0,0,0,0,0,262194.50
04-08-2022 12.00.00 AM,8200,SMC,,10515,SMC,YEF0003        ,0,0,0,0,0,0,0,0,0,0,0,0,0,0,510671.88
04-08-2022 12.00.00 AM,8200,SMC,,10515,SMC,YCE0003        ,0,0,0,0,0,0,0,0,0,0,0,0,0,0,6554.86
04-08-2022 12.00.00 AM,8200,SMC,,10515,SMC,YEF0020        ,0,0,0,0,0,0,0,0,0,0,0,0,0,0,255335.94
04-08-2022 12.00.00 AM,8200,SMC,,10515,SMC,XSA0044        ,0,0,0,0,0,0,0,0,0,0,0,0,0,0,6554.86
04-08-2022 12.00.00 AM,8200,SMC,,10515,SMC,XKJ0068        ,0,0,0,0,0,0,0,0,0,0,0,0,0,0,20033.40
04-08-2022 12.00.00 AM,8200,SMC,,10515,SMC,YEF0028        ,0,0,0,0,0,0,0,0,0,0,0,0,0,0,510671.88
04-08-2022 12.00.00 AM,8200,SMC,,10515,SMC,YEF0038        ,0,0,0,0,0,0,0,0,0,0,0,0,0,0,255335.94
04-08-2022 12.00.00 AM,8200,SMC,,10515,SMC,XRL0004        ,0,0,0,0,0,0,0,0,0,0,0,0,0,0,19664.59
04-08-2022 12.00.00 AM,8200,SMC,,10515,SMC,XSA0064        ,0,0,0,0,0,0,0,0,0,0,0,0,0,0,6554.86
04-08-2022 12.00.00 AM,8200,SMC,,10515,SMC,XNQ0005        ,0,0,0,0,0,0,0,0,0,0,0,0,0,0,286231.20
04-08-2022 12.00.00 AM,8200,SMC,,10515,SMC,XRL0022        ,0,0,0,0,0,0,0,0,0,0,0,0,0,0,26219.45
04-08-2022 12.00.00 AM,8200,SMC,,10515,SMC,YJW0009        ,0,0,0,0,0,0,0,0,0,0,0,0,0,0,305057.81
04-08-2022 12.00.00 AM,8200,SMC,,10515,SMC,YJW0013        ,0,0,0,0,0,0,0,0,0,0,0,0,0,0,396594.75
04-08-2022 12.00.00 AM,8200,SMC,,10515,SMC,YJW0014        ,0,0,0,0,0,0,0,0,0,0,0,0,0,0,652423.44
04-08-2022 12.00.00 AM,8200,SMC,,10515,SMC,YJW0015        ,0,0,0,0,0,0,0,0,0,0,0,0,0,0,305057.81
04-08-2022 12.00.00 AM,8200,SMC,,10515,SMC,YJW0018        ,0,0,0,0,0,0,0,0,0,0,0,0,0,0,239895
04-08-2022 12.00.00 AM,8200,SMC,,10515,SMC,YJW0019        ,0,0,0,0,0,0,0,0,0,0,0,0,0,0,993481.24
04-08-2022 12.00.00 AM,8200,SMC,,10515,SMC,XPA0084        ,0,0,0,0,0,0,0,0,0,0,0,0,0,0,544900
04-08-2022 12.00.00 AM,8200,SMC,,10515,SMC,XNB0015        ,0,0,0,0,0,0,0,0,0,0,0,0,0,0,194574
04-08-2022 12.00.00 AM,8200,SMC,,10515,SMC,XRL0057        ,0,0,0,0,0,0,0,0,0,0,0,0,0,0,6554.86
04-08-2022 12.00.00 AM,8200,SMC,,10515,SMC,XRL0060        ,0,0,0,0,0,0,0,0,0,0,0,0,0,0,6554.86
04-08-2022 12.00.00 AM,8200,SMC,,10515,SMC,XSA0145        ,0,0,0,0,0,0,0,0,0,0,0,0,0,0,13109.73
04-08-2022 12.00.00 AM,8200,SMC,,10515,SMC,XVR0003        ,0,0,0,0,0,0,0,0,0,0,0,0,0,0,1446666.56
04-08-2022 12.00.00 AM,8200,SMC,,10515,SMC,YCT0003        ,0,0,0,0,0,0,0,0,0,0,0,0,0,0,473798.44
04-08-2022 12.00.00 AM,8200,SMC,,10515,SMC,YCT0010        ,0,0,0,0,0,0,0,0,0,0,0,0,0,0,157932.81
04-08-2022 12.00.00 AM,8200,SMC,,10515,SMC,YLZ0011        ,0,0,0,0,0,0,0,0,0,0,0,0,0,0,255335.94
04-08-2022 12.00.00 AM,8200,SMC,,10515,SMC,YLZ0028        ,0,0,0,0,0,0,0,0,0,0,0,0,0,0,6554.86
04-08-2022 12.00.00 AM,8200,SMC,,10515,SMC,YLZ0030        ,0,0,0,0,0,0,0,0,0,0,0,0,0,0,6554.86
04-08-2022 12.00.00 AM,8200,SMC,,10515,SMC,YLZ0031        ,0,0,0,0,0,0,0,0,0,0,0,0,0,0,255335.94
04-08-2022 12.00.00 AM,8200,SMC,,10515,SMC,YZZ0004        ,0,0,0,0,0,0,0,0,0,0,0,0,0,0,26219.45
04-08-2022 12.00.00 AM,8200,SMC,,10515,SMC,YZZ0008        ,0,0,0,0,0,0,0,0,0,0,0,0,0,0,26219.45
04-08-2022 12.00.00 AM,8200,SMC,,10515,SMC,XWC0008        ,0,0,0,0,0,0,0,0,0,0,0,0,0,0,6554.86
04-08-2022 12.00.00 AM,8200,SMC,,10515,SMC,XYJ0006        ,0,0,0,0,0,0,0,0,0,0,0,0,0,0,6554.86
04-08-2022 12.00.00 AM,8200,SMC,,10515,SMC,YOH0027        ,0,0,0,0,0,0,0,0,0,0,0,0,0,0,32739.56
04-08-2022 12.00.00 AM,8200,SMC,,10515,SMC,YLQ0110        ,0,0,0,0,0,0,0,0,0,0,0,0,0,0,421460.25
04-08-2022 12.00.00 AM,8200,SMC,,10515,SMC,YLQ0115        ,0,0,0,0,0,0,0,0,0,0,0,0,0,0,468987.38
04-08-2022 12.00.00 AM,8200,SMC,,10515,SMC,YNH0098        ,0,0,0,0,0,0,0,0,0,0,0,0,0,0,6554.86
04-08-2022 12.00.00 AM,8200,SMC,,10515,SMC,YLQ0270        ,0,0,0,0,0,0,0,0,0,0,0,0,0,0,6554.86
04-08-2022 12.00.00 AM,8200,SMC,,10515,SMC,ZHZ0002        ,0,0,0,0,0,0,0,0,0,0,0,0,0,0,13109.73
04-08-2022 12.00.00 AM,8200,SMC,,10515,SMC,YLQ0308        ,0,0,0,0,0,0,0,0,0,0,0,0,0,0,32739.56
04-08-2022 12.00.00 AM,8200,SMC,,10515,SMC,ZLK0049        ,0,0,0,0,0,0,0,0,0,0,0,0,0,0,26219.45
04-08-2022 12.00.00 AM,8200,SMC,,10515,SMC,YTR0004        ,0,0,0,0,0,0,0,0,0,0,0,0,0,0,27409.76
04-08-2022 12.00.00 AM,8200,SMC,,10515,SMC,YJF0002        ,0,0,0,0,0,0,0,0,0,0,0,0,0,0,6554.86
04-08-2022 12.00.00 AM,8200,SMC,,10515,SMC,YJF0017        ,0,0,0,0,0,0,0,0,0,0,0,0,0,0,39329.18
04-08-2022 12.00.00 AM,8200,SMC,,10515,SMC,YJF0019        ,0,0,0,0,0,0,0,0,0,0,0,0,0,0,13355.60
04-08-2022 12.00.00 AM,8200,SMC,,10515,SMC,YYS0021        ,0,0,0,0,0,0,0,0,0,0,0,0,0,0,274356.13
04-08-2022 12.00.00 AM,8200,SMC,,10515,SMC,YSA0002        ,0,0,0,0,0,0,0,0,0,0,0,0,0,0,6554.86
04-08-2022 12.00.00 AM,8200,SMC,,10515,SMC,YKK0002        ,0,0,0,0,0,0,0,0,0,0,0,0,0,0,6554.86
04-08-2022 12.00.00 AM,8200,SMC,,10515,SMC,ZAO0054        ,0,0,0,0,0,0,0,0,0,0,0,0,0,0,91698.58
04-08-2022 12.00.00 AM,8200,SMC,,10515,SMC,YYU0006        ,0,0,0,0,0,0,0,0,0,0,0,0,0,0,26219.45
04-08-2022 12.00.00 AM,8200,SMC,,10515,SMC,YUJ0002        ,0,0,0,0,0,0,0,0,0,0,0,0,0,0,6554.86
04-08-2022 12.00.00 AM,8200,SMC,,10515,SMC,ZOV0203        ,0,0,0,0,0,0,0,0,0,0,0,0,0,0,19664.59
04-08-2022 12.00.00 AM,8200,SMC,,10515,SMC,YVK0015        ,0,0,0,0,0,0,0,0,0,0,0,0,0,0,97964.38
04-08-2022 12.00.00 AM,8200,SMC,,10515,SMC,YVK0016        ,0,0,0,0,0,0,0,0,0,0,0,0,0,0,97964.38
04-08-2022 12.00.00 AM,8200,SMC,,10515,SMC,YVK0019        ,0,0,0,0,0,0,0,0,0,0,0,0,0,0,147562.50
04-08-2022 12.00.00 AM,8200,SMC,,10515,SMC,YVK0020        ,0,0,0,0,0,0,0,0,0,0,0,0,0,0,97984.38
04-08-2022 12.00.00 AM,8200,SMC,,10515,SMC,YYY0002        ,0,0,0,0,0,0,0,0,0,0,0,0,0,0,54383
04-08-2022 12.00.00 AM,8200,SMC,,10515,SMC,YYY0019        ,0,0,0,0,0,0,0,0,0,0,0,0,0,0,6554.86
04-08-2022 12.00.00 AM,8200,SMC,,10515,SMC,YSG0048        ,0,0,0,0,0,0,0,0,0,0,0,0,0,0,130958.25
04-08-2022 12.00.00 AM,8200,SMC,,10515,SMC,YLF0003        ,0,0,0,0,0,0,0,0,0,0,0,0,0,0,32739.56
04-08-2022 12.00.00 AM,8200,SMC,,10515,SMC,YNB0023        ,0,0,0,0,0,0,0,0,0,0,0,0,0,0,13109.73
04-08-2022 12.00.00 AM,8200,SMC,,10515,SMC,YNB0030        ,0,0,0,0,0,0,0,0,0,0,0,0,0,0,13109.73
04-08-2022 12.00.00 AM,8200,SMC,,10515,SMC,YKO0004        ,0,0,0,0,0,0,0,0,0,0,0,0,0,0,6554.86
04-08-2022 12.00.00 AM,8200,SMC,,10515,SMC,ZIJ0055        ,0,0,0,0,0,0,0,0,0,0,0,0,0,0,6554.86
04-08-2022 12.00.00 AM,8200,SMC,,10515,SMC,YSG0159        ,0,0,0,0,0,0,0,0,0,0,0,0,0,0,32739.56
04-08-2022 12.00.00 AM,8200,SMC,,10515,SMC,YSG0217        ,0,0,0,0,0,0,0,0,0,0,0,0,0,0,32739.56
04-08-2022 12.00.00 AM,8200,SMC,,10515,SMC,YJH0274        ,0,0,0,0,0,0,0,0,0,0,0,0,0,0,19664.59
04-08-2022 12.00.00 AM,8200,SMC,,10515,SMC,YHU0019        ,0,0,0,0,0,0,0,0,0,0,0,0,0,0,13109.73
04-08-2022 12.00.00 AM,8200,SMC,,10515,SMC,YHU0020        ,0,0,0,0,0,0,0,0,0,0,0,0,0,0,195968.75
04-08-2022 12.00.00 AM,8200,SMC,,10515,SMC,YHU0021        ,0,0,0,0,0,0,0,0,0,0,0,0,0,0,195968.75
04-08-2022 12.00.00 AM,8200,SMC,,10515,SMC,YHU0026        ,0,0,0,0,0,0,0,0,0,0,0,0,0,0,195968.75
04-08-2022 12.00.00 AM,8200,SMC,,10515,SMC,YHU0034        ,0,0,0,0,0,0,0,0,0,0,0,0,0,0,58993.76
04-08-2022 12.00.00 AM,8200,SMC,,10515,SMC,YNB0230        ,0,0,0,0,0,0,0,0,0,0,0,0,0,0,13109.73
04-08-2022 12.00.00 AM,8200,SMC,,10515,SMC,YJH0321        ,0,0,0,0,0,0,0,0,0,0,0,0,0,0,13109.73
04-08-2022 12.00.00 AM,8200,SMC,,10515,SMC,YHU0043        ,0,0,0,0,0,0,0,0,0,0,0,0,0,0,97984.38
04-08-2022 12.00.00 AM,8200,SMC,,10515,SMC,YOH0005        ,0,0,0,0,0,0,0,0,0,0,0,0,0,0,98828.51
04-08-2022 12.00.00 AM,8200,SMC,,10515,SMC,YOH0015        ,0,0,0,0,0,0,0,0,0,0,0,0,0,0,13109.73
04-08-2022 12.00.00 AM,8200,SMC,,10515,SMC,YOH0019        ,0,0,0,0,0,0,0,0,0,0,0,0,0,0,65479.13
04-08-2022 12.00.00 AM,8200,SMC,,10515,SMC,YOH0024        ,0,0,0,0,0,0,0,0,0,0,0,0,0,0,6554.86
04-08-2022 12.00.00 AM,8200,SMC,,10515,SMC,YLQ0081        ,0,0,0,0,0,0,0,0,0,0,0,0,0,0,13109.73
04-08-2022 12.00.00 AM,8200,SMC,,10515,SMC,ZQH0126        ,0,0,0,0,0,0,0,0,0,0,0,0,0,0,52438.90
04-08-2022 12.00.00 AM,8200,SMC,,10515,SMC,ZVI0331        ,0,0,0,0,0,0,0,0,0,0,0,0,0,0,32774.31
04-08-2022 12.00.00 AM,8200,SMC,,10515,SMC,ZXB0113        ,0,0,0,0,0,0,0,0,0,0,0,0,0,0,6554.86
04-08-2022 12.00.00 AM,8200,SMC,,10515,SMC,ZSJ0357        ,0,0,0,0,0,0,0,0,0,0,0,0,0,0,65479.13
04-08-2022 12.00.00 AM,8200,SMC,,10515,SMC,ZPJ0118        ,0,0,0,0,0,0,0,0,0,0,0,0,0,0,238526
04-08-2022 12.00.00 AM,8200,SMC,,10515,SMC,ZLG0383        ,0,0,0,0,0,0,0,0,0,0,0,0,0,0,26219.45
04-08-2022 12.00.00 AM,8200,SMC,,10515,SMC,ZLE0476        ,0,0,0,0,0,0,0,0,0,0,0,0,0,0,65479.13
04-08-2022 12.00.00 AM,8200,SMC,,10515,SMC,ZLK0113        ,0,0,0,0,0,0,0,0,0,0,0,0,0,0,13109.73
04-08-2022 12.00.00 AM,8200,SMC,,10515,SMC,ZMA0045        ,0,0,0,0,0,0,0,0,0,0,0,0,0,0,616461.56
04-08-2022 12.00.00 AM,8200,SMC,,10515,SMC,ZLE0554        ,0,0,0,0,0,0,0,0,0,0,0,0,0,0,45884.04
04-08-2022 12.00.00 AM,8200,SMC,,10515,SMC,ZRH0083        ,0,0,0,0,0,0,0,0,0,0,0,0,0,0,19664.59
04-08-2022 12.00.00 AM,8200,SMC,,10515,SMC,ZLE0148        ,0,0,0,0,0,0,0,0,0,0,0,0,0,0,196437.38
04-08-2022 12.00.00 AM,8200,SMC,,10515,SMC,ZOV0291        ,0,0,0,0,0,0,0,0,0,0,0,0,0,0,6677.80
04-08-2022 12.00.00 AM,8200,SMC,,10515,SMC,ZLK0209        ,0,0,0,0,0,0,0,0,0,0,0,0,0,0,189614.50
04-08-2022 12.00.00 AM,8200,SMC,,10515,SMC,ZMC0036        ,0,0,0,0,0,0,0,0,0,0,0,0,0,0,97984.38
04-08-2022 12.00.00 AM,8200,SMC,,10515,SMC,ZMC0047        ,0,0,0,0,0,0,0,0,0,0,0,0,0,0,290199.59
04-08-2022 12.00.00 AM,8200,SMC,,10515,SMC,ZLE0194        ,0,0,0,0,0,0,0,0,0,0,0,0,0,0,47705.20
04-08-2022 12.00.00 AM,8200,SMC,,10515,SMC,ZQH0436        ,0,0,0,0,0,0,0,0,0,0,0,0,0,0,20371.13
04-08-2022 12.00.00 AM,8200,SMC,,10515,SMC,ZOV0330        ,0,0,0,0,0,0,0,0,0,0,0,0,0,0,1215270.88
04-08-2022 12.00.00 AM,8200,SMC,,10515,SMC,ZOV0332        ,0,0,0,0,0,0,0,0,0,0,0,0,0,0,15236.19
04-08-2022 12.00.00 AM,8200,SMC,,10515,SMC,ZLF1179        ,0,0,0,0,0,0,0,0,0,0,0,0,0,0,47705.20
04-08-2022 12.00.00 AM,8200,SMC,,10515,SMC,ZLF0016        ,0,0,0,0,0,0,0,0,0,0,0,0,0,0,126363.55
04-08-2022 12.00.00 AM,8200,SMC,,10515,SMC,ZLK0312        ,0,0,0,0,0,0,0,0,0,0,0,0,0,0,13109.73
04-08-2022 12.00.00 AM,8200,SMC,,10515,SMC,ZNB0002        ,0,0,0,0,0,0,0,0,0,0,0,0,0,0,98253.44
04-08-2022 12.00.00 AM,8200,SMC,,10515,SMC,ZOV0001        ,0,0,0,0,0,0,0,0,0,0,0,0,0,0,327395.63
04-08-2022 12.00.00 AM,8200,SMC,,10515,SMC,ZSR0081        ,0,0,0,0,0,0,0,0,0,0,0,0,0,0,65479.13
04-08-2022 12.00.00 AM,8200,SMC,,10515,SMC,ZLF0109        ,0,0,0,0,0,0,0,0,0,0,0,0,0,0,26711.20
04-08-2022 12.00.00 AM,8200,SMC,,10515,SMC,ZVI0293        ,0,0,0,0,0,0,0,0,0,0,0,0,0,0,6554.86
04-08-2022 12.00.00 AM,8200,SMC,,10515,SMC,ZLK0425        ,0,0,0,0,0,0,0,0,0,0,0,0,0,0,260053.13
04-08-2022 12.00.00 AM,8200,SMC,,10515,SMC,ZLF0158        ,0,0,0,0,0,0,0,0,0,0,0,0,0,0,20033.40
04-08-2022 12.00.00 AM,8200,SMC,,10515,SMC,ZLF0176        ,0,0,0,0,0,0,0,0,0,0,0,0,0,0,501477.70
04-08-2022 12.00.00 AM,8200,SMC,,10515,SMC,15015          ,0,0,0,0,0,0,0,0,0,0,0,0,0,0,5058924
04-08-2022 12.00.00 AM,8200,SMC,,10515,SMC,21295          ,0,0,0,0,0,0,0,0,0,0,0,0,0,0,570512.65
04-08-2022 12.00.00 AM,8200,SMC,,10515,SMC,10530          ,0,0,0,0,0,0,0,0,0,0,0,0,0,0,4765211.40
04-08-2022 12.00.00 AM,8200,SMC,,10515,SMC,ZZP0001        ,0,0,0,0,0,0,0,0,0,0,0,0,0,0,13109.73
04-08-2022 12.00.00 AM,8200,SMC,,10515,SMC,ZZP0071        ,0,0,0,0,0,0,0,0,0,0,0,0,0,0,26219.45
04-08-2022 12.00.00 AM,8200,SMC,,10515,SMC,ZZP0118        ,0,0,0,0,0,0,0,0,0,0,0,0,0,0,226886.25
04-08-2022 12.00.00 AM,8200,SMC,,10515,SMC,ZZP0138        ,0,0,0,0,0,0,0,0,0,0,0,0,0,0,13109.73
04-08-2022 12.00.00 AM,8200,SMC,,10515,SMC,ZZP0153        ,0,0,0,0,0,0,0,0,0,0,0,0,0,0,6554.86
